Execução,Instância,Custo,Tempo,Slots,Ferramentas,Magazine,Ciclo,Parametros
1,sko-72.txt,265588,37143,100,72,185," 24 11 45 5 54 72 62 4 25 69 20 66 58 19 15 68 41 64 48 40 42 51 57 44 55 36 61 37 71 6 9 50 67 16 17 39 33 63 46 13 59 49 32 1 7 38 30 23 65 22 27 60 70 28 47 14 52 10 26 21 2 35 8 18 31 29 53 56 12 43 34 3 x x x x x x x x x x x x x x x x x x x x x x x x x x x x  ","--MODE 3 --TEMP_INIT 0.01 --TEMP_FIM 20.0 --MCL 400 --TEMP_DIST 2 --TYPE_UPDATE 2 --TEMP_UPDATE 4 --MOV_TYPE 4"
2,sko-72.txt,265142,37099,100,72,3090," 54 11 34 24 45 5 3 43 62 72 4 25 69 66 20 58 19 15 68 48 40 41 42 51 36 57 55 44 71 6 9 16 39 63 33 50 37 49 13 46 59 38 61 7 32 1 23 52 30 65 47 22 14 28 70 17 26 21 2 10 67 35 64 60 27 8 18 31 29 53 56 12 x x x x x x x x x x x x x x x x x x x x x x x x x x x x  ","--MODE 3 --TEMP_INIT 0.01 --TEMP_FIM 20.0 --MCL 400 --TEMP_DIST 2 --TYPE_UPDATE 2 --TEMP_UPDATE 4 --MOV_TYPE 4"
3,sko-72.txt,265142,37107,100,72,7474," 12 56 53 29 31 18 8 27 60 64 35 67 10 2 21 26 17 70 28 14 22 47 65 30 52 23 1 32 7 61 38 59 46 13 49 37 50 33 63 39 16 9 6 71 44 55 57 36 51 42 41 40 48 68 15 19 58 20 66 69 25 4 72 62 43 3 5 45 24 34 11 54 x x x x x x x x x x x x x x x x x x x x x x x x x x x x  ","--MODE 3 --TEMP_INIT 0.01 --TEMP_FIM 20.0 --MCL 400 --TEMP_DIST 2 --TYPE_UPDATE 2 --TEMP_UPDATE 4 --MOV_TYPE 4"
4,sko-72.txt,265182,37108,100,72,192," 12 56 53 29 31 18 8 27 60 64 35 67 10 2 21 26 17 70 28 14 22 47 65 30 52 23 1 32 7 33 46 59 13 63 37 50 38 49 61 39 16 9 6 71 44 55 57 36 51 42 41 40 48 68 15 19 58 20 66 69 25 4 72 62 43 3 5 45 24 34 11 54 x x x x x x x x x x x x x x x x x x x x x x x x x x x x  ","--MODE 3 --TEMP_INIT 0.01 --TEMP_FIM 20.0 --MCL 400 --TEMP_DIST 2 --TYPE_UPDATE 2 --TEMP_UPDATE 4 --MOV_TYPE 4"
5,sko-72.txt,265142,37001,100,72,4111," 12 56 53 29 31 18 8 27 60 64 35 67 10 2 21 26 17 70 28 14 22 47 65 30 52 23 1 32 7 61 38 59 46 13 49 37 50 33 63 39 16 9 6 71 44 55 57 36 51 42 41 40 48 68 15 19 58 20 66 69 25 4 72 62 43 3 5 45 24 34 11 54 x x x x x x x x x x x x x x x x x x x x x x x x x x x x  ","--MODE 3 --TEMP_INIT 0.01 --TEMP_FIM 20.0 --MCL 400 --TEMP_DIST 2 --TYPE_UPDATE 2 --TEMP_UPDATE 4 --MOV_TYPE 4"
6,sko-72.txt,265314,37162,100,72,356," 12 56 53 29 31 18 8 35 2 21 26 10 60 52 64 47 27 70 28 14 22 23 65 67 17 30 61 1 7 38 59 46 49 33 50 13 37 63 32 39 16 9 6 71 44 55 57 36 51 42 41 40 48 68 15 19 58 66 20 69 25 4 62 72 43 54 5 45 24 11 34 3 x x x x x x x x x x x x x x x x x x x x x x x x x x x x  ","--MODE 3 --TEMP_INIT 0.01 --TEMP_FIM 20.0 --MCL 400 --TEMP_DIST 2 --TYPE_UPDATE 2 --TEMP_UPDATE 4 --MOV_TYPE 4"
7,sko-72.txt,265528,37018,100,72,223," 54 11 34 24 45 5 3 62 72 20 41 69 58 15 19 48 25 4 66 36 68 40 42 51 57 55 44 71 9 6 43 16 39 32 63 37 13 50 33 49 46 59 38 7 1 61 23 52 30 65 47 22 14 28 70 17 26 21 67 2 10 8 35 31 60 27 29 53 18 56 12 64 x x x x x x x x x x x x x x x x x x x x x x x x x x x x  ","--MODE 3 --TEMP_INIT 0.01 --TEMP_FIM 20.0 --MCL 400 --TEMP_DIST 2 --TYPE_UPDATE 2 --TEMP_UPDATE 4 --MOV_TYPE 4"
8,sko-72.txt,266342,37149,100,72,422," 64 8 29 18 56 12 31 53 10 60 35 27 17 67 21 2 70 26 28 14 22 47 65 30 52 23 1 32 7 61 38 59 46 13 49 37 50 33 63 39 16 43 3 6 71 9 34 36 25 55 4 66 24 20 69 68 19 58 41 44 40 15 51 57 42 48 72 62 5 45 11 54 x x x x x x x x x x x x x x x x x x x x x x x x x x x x  ","--MODE 3 --TEMP_INIT 0.01 --TEMP_FIM 20.0 --MCL 400 --TEMP_DIST 2 --TYPE_UPDATE 2 --TEMP_UPDATE 4 --MOV_TYPE 4"
9,sko-72.txt,265142,37053,100,72,7487," 54 11 34 24 45 5 3 43 62 72 4 25 69 66 20 58 19 15 68 48 40 41 42 51 36 57 55 44 71 6 9 16 39 63 33 50 37 49 13 46 59 38 61 7 32 1 23 52 30 65 47 22 14 28 70 17 26 21 2 10 67 35 64 60 27 8 18 31 29 53 56 12 x x x x x x x x x x x x x x x x x x x x x x x x x x x x  ","--MODE 3 --TEMP_INIT 0.01 --TEMP_FIM 20.0 --MCL 400 --TEMP_DIST 2 --TYPE_UPDATE 2 --TEMP_UPDATE 4 --MOV_TYPE 4"
10,sko-72.txt,265360,36997,100,72,1142," 12 53 29 56 31 18 8 35 2 21 26 10 60 52 27 47 28 70 14 64 22 23 65 67 17 30 1 32 7 61 38 59 46 13 49 37 50 33 63 39 48 16 9 42 40 71 44 55 57 51 68 36 41 6 15 19 58 66 20 69 25 4 62 72 43 5 45 11 54 24 34 3 x x x x x x x x x x x x x x x x x x x x x x x x x x x x  ","--MODE 3 --TEMP_INIT 0.01 --TEMP_FIM 20.0 --MCL 400 --TEMP_DIST 2 --TYPE_UPDATE 2 --TEMP_UPDATE 4 --MOV_TYPE 4"
1,sko-81.txt,369504,48563,100,81,212," 56 7 47 31 36 77 76 57 68 64 13 52 42 16 62 5 1 45 24 43 53 22 55 71 59 75 73 54 79 35 58 18 63 27 78 29 72 10 28 46 37 51 20 2 12 44 8 32 11 80 70 26 34 25 39 81 14 40 65 74 19 67 30 33 38 49 4 60 23 9 66 6 41 3 69 21 15 61 17 50 48 x x x x x x x x x x x x x x x x x x x  ","--MODE 3 --TEMP_INIT 0.01 --TEMP_FIM 20.0 --MCL 400 --TEMP_DIST 2 --TYPE_UPDATE 2 --TEMP_UPDATE 4 --MOV_TYPE 4"
2,sko-81.txt,369188,48049,100,81,236," 30 4 65 69 67 23 81 14 39 61 49 38 35 6 36 31 19 7 41 21 3 15 33 9 48 50 17 66 70 56 74 55 11 42 22 78 45 52 44 57 62 1 32 68 13 5 58 27 43 73 72 8 75 18 59 71 2 79 29 46 12 51 26 37 63 25 34 54 24 64 16 20 76 77 80 53 10 60 40 47 28 x x x x x x x x x x x x x x x x x x x  ","--MODE 3 --TEMP_INIT 0.01 --TEMP_FIM 20.0 --MCL 400 --TEMP_DIST 2 --TYPE_UPDATE 2 --TEMP_UPDATE 4 --MOV_TYPE 4"
3,sko-81.txt,369148,48313,100,81,347," 66 70 2 81 3 25 26 34 40 14 65 67 80 30 21 69 33 74 15 23 19 61 39 4 32 12 49 38 35 41 79 51 44 20 77 47 63 24 10 58 37 54 18 75 43 22 73 59 78 13 53 42 56 52 7 62 27 45 68 60 1 57 76 16 64 8 72 46 28 31 5 71 29 55 36 6 17 50 48 11 9 x x x x x x x x x x x x x x x x x x x  ","--MODE 3 --TEMP_INIT 0.01 --TEMP_FIM 20.0 --MCL 400 --TEMP_DIST 2 --TYPE_UPDATE 2 --TEMP_UPDATE 4 --MOV_TYPE 4"
4,sko-81.txt,369242,48177,100,81,913," 23 74 4 33 3 66 19 38 61 49 21 50 9 41 6 17 48 56 15 39 70 31 7 57 78 42 22 45 52 44 62 27 68 55 36 11 1 43 5 13 32 8 72 18 71 59 75 73 58 37 10 53 35 24 29 28 46 16 64 76 63 2 79 51 54 12 20 47 77 80 60 40 34 26 25 14 81 67 65 30 69 x x x x x x x x x x x x x x x x x x x  ","--MODE 3 --TEMP_INIT 0.01 --TEMP_FIM 20.0 --MCL 400 --TEMP_DIST 2 --TYPE_UPDATE 2 --TEMP_UPDATE 4 --MOV_TYPE 4"
5,sko-81.txt,369174,48406,100,81,563," 8 81 25 26 34 40 14 65 67 80 30 74 12 61 69 51 79 33 20 32 23 19 60 4 54 39 38 63 47 10 37 49 77 24 58 73 35 75 18 15 42 43 22 59 78 44 21 41 13 53 52 62 27 45 7 68 57 76 64 1 16 50 17 70 48 36 6 5 71 56 31 55 29 28 72 9 11 46 2 66 3 x x x x x x x x x x x x x x x x x x x  ","--MODE 3 --TEMP_INIT 0.01 --TEMP_FIM 20.0 --MCL 400 --TEMP_DIST 2 --TYPE_UPDATE 2 --TEMP_UPDATE 4 --MOV_TYPE 4"
6,sko-81.txt,369800,48232,100,81,6650," 66 48 9 50 17 33 65 19 74 15 23 39 26 34 70 60 76 57 11 20 64 2 8 46 72 12 44 16 78 45 68 27 51 18 42 54 37 62 1 32 5 79 43 75 59 73 13 58 52 63 24 71 29 22 55 80 35 77 53 10 28 36 47 7 31 56 49 38 61 30 41 21 6 4 69 67 81 3 40 14 25 x x x x x x x x x x x x x x x x x x x  ","--MODE 3 --TEMP_INIT 0.01 --TEMP_FIM 20.0 --MCL 400 --TEMP_DIST 2 --TYPE_UPDATE 2 --TEMP_UPDATE 4 --MOV_TYPE 4"
7,sko-81.txt,369960,48491,100,81,331," 25 40 60 32 8 80 12 72 46 10 37 63 47 28 77 29 34 76 53 54 75 71 58 13 52 73 24 64 68 59 43 79 51 16 5 1 62 27 18 20 2 45 44 78 57 22 26 42 11 55 70 35 36 31 7 65 21 6 41 50 15 17 48 9 33 14 49 19 3 56 66 69 74 23 4 39 38 81 67 61 30 x x x x x x x x x x x x x x x x x x x  ","--MODE 3 --TEMP_INIT 0.01 --TEMP_FIM 20.0 --MCL 400 --TEMP_DIST 2 --TYPE_UPDATE 2 --TEMP_UPDATE 4 --MOV_TYPE 4"
8,sko-81.txt,370640,48356,100,81,1878," 25 40 80 30 2 15 19 14 74 23 67 81 26 65 12 3 66 33 34 11 9 69 21 70 17 50 48 6 36 55 29 71 4 41 49 44 38 35 31 56 22 5 79 42 45 78 51 27 58 18 1 7 57 62 52 37 63 13 68 43 59 24 77 76 16 64 75 47 73 53 10 54 60 28 20 72 46 8 32 39 61 x x x x x x x x x x x x x x x x x x x  ","--MODE 3 --TEMP_INIT 0.01 --TEMP_FIM 20.0 --MCL 400 --TEMP_DIST 2 --TYPE_UPDATE 2 --TEMP_UPDATE 4 --MOV_TYPE 4"
9,sko-81.txt,369206,48613,100,81,3498," 60 81 25 26 34 40 14 65 12 33 20 74 19 30 80 23 67 69 61 32 4 39 38 54 47 63 10 37 51 49 77 24 79 58 35 18 75 73 15 42 43 22 59 53 13 21 41 44 78 52 56 7 62 27 45 31 68 1 16 36 6 5 71 55 70 57 76 48 17 50 29 64 28 72 46 11 9 2 66 3 8 x x x x x x x x x x x x x x x x x x x  ","--MODE 3 --TEMP_INIT 0.01 --TEMP_FIM 20.0 --MCL 400 --TEMP_DIST 2 --TYPE_UPDATE 2 --TEMP_UPDATE 4 --MOV_TYPE 4"
10,sko-81.txt,368886,48197,100,81,439," 23 66 3 69 61 9 15 21 17 70 50 48 6 4 49 41 38 56 31 7 35 36 42 55 22 57 52 45 62 68 1 43 5 77 47 24 16 76 13 64 59 44 78 53 71 75 73 58 54 27 18 63 37 10 29 79 51 28 20 72 46 12 2 80 60 8 11 32 40 34 26 25 74 19 33 65 30 39 14 81 67 x x x x x x x x x x x x x x x x x x x  ","--MODE 3 --TEMP_INIT 0.01 --TEMP_FIM 20.0 --MCL 400 --TEMP_DIST 2 --TYPE_UPDATE 2 --TEMP_UPDATE 4 --MOV_TYPE 4"
1,y-10_t_2.txt,7016,2752,20,10,102," 9 6 3 8 4 7 10 2 5 1 x x x x x x x x x x  ","--MODE 3 --TEMP_INIT 0.01 --TEMP_FIM 20.0 --MCL 400 --TEMP_DIST 2 --TYPE_UPDATE 2 --TEMP_UPDATE 4 --MOV_TYPE 4"
2,y-10_t_2.txt,7016,2763,20,10,2," 1 5 2 10 7 4 8 3 6 9 x x x x x x x x x x  ","--MODE 3 --TEMP_INIT 0.01 --TEMP_FIM 20.0 --MCL 400 --TEMP_DIST 2 --TYPE_UPDATE 2 --TEMP_UPDATE 4 --MOV_TYPE 4"
3,y-10_t_2.txt,7016,2755,20,10,4," 1 5 2 10 7 4 8 3 6 9 x x x x x x x x x x  ","--MODE 3 --TEMP_INIT 0.01 --TEMP_FIM 20.0 --MCL 400 --TEMP_DIST 2 --TYPE_UPDATE 2 --TEMP_UPDATE 4 --MOV_TYPE 4"
4,y-10_t_2.txt,7016,2767,20,10,77," 9 6 3 8 4 7 10 2 5 1 x x x x x x x x x x  ","--MODE 3 --TEMP_INIT 0.01 --TEMP_FIM 20.0 --MCL 400 --TEMP_DIST 2 --TYPE_UPDATE 2 --TEMP_UPDATE 4 --MOV_TYPE 4"
5,y-10_t_2.txt,7016,2759,20,10,7," 1 5 2 10 7 4 8 3 6 9 x x x x x x x x x x  ","--MODE 3 --TEMP_INIT 0.01 --TEMP_FIM 20.0 --MCL 400 --TEMP_DIST 2 --TYPE_UPDATE 2 --TEMP_UPDATE 4 --MOV_TYPE 4"
6,y-10_t_2.txt,7016,2748,20,10,43," 9 6 3 8 4 7 10 2 5 1 x x x x x x x x x x  ","--MODE 3 --TEMP_INIT 0.01 --TEMP_FIM 20.0 --MCL 400 --TEMP_DIST 2 --TYPE_UPDATE 2 --TEMP_UPDATE 4 --MOV_TYPE 4"
7,y-10_t_2.txt,7016,2748,20,10,15," 9 6 3 8 4 7 10 2 5 1 x x x x x x x x x x  ","--MODE 3 --TEMP_INIT 0.01 --TEMP_FIM 20.0 --MCL 400 --TEMP_DIST 2 --TYPE_UPDATE 2 --TEMP_UPDATE 4 --MOV_TYPE 4"
8,y-10_t_2.txt,7016,2735,20,10,82," 9 6 3 8 4 7 10 2 5 1 x x x x x x x x x x  ","--MODE 3 --TEMP_INIT 0.01 --TEMP_FIM 20.0 --MCL 400 --TEMP_DIST 2 --TYPE_UPDATE 2 --TEMP_UPDATE 4 --MOV_TYPE 4"
9,y-10_t_2.txt,7016,2755,20,10,0," 9 6 3 8 4 7 10 2 5 1 x x x x x x x x x x  ","--MODE 3 --TEMP_INIT 0.01 --TEMP_FIM 20.0 --MCL 400 --TEMP_DIST 2 --TYPE_UPDATE 2 --TEMP_UPDATE 4 --MOV_TYPE 4"
10,y-10_t_2.txt,7016,2745,20,10,0," 9 6 3 8 4 7 10 2 5 1 x x x x x x x x x x  ","--MODE 3 --TEMP_INIT 0.01 --TEMP_FIM 20.0 --MCL 400 --TEMP_DIST 2 --TYPE_UPDATE 2 --TEMP_UPDATE 4 --MOV_TYPE 4"
1,y-10_t.txt,5422,2754,10,10,1," 8 3 4 9 6 10 2 1 5 7  ","--MODE 3 --TEMP_INIT 0.01 --TEMP_FIM 20.0 --MCL 400 --TEMP_DIST 2 --TYPE_UPDATE 2 --TEMP_UPDATE 4 --MOV_TYPE 4"
2,y-10_t.txt,5422,2747,10,10,0," 4 3 8 7 5 1 2 10 6 9  ","--MODE 3 --TEMP_INIT 0.01 --TEMP_FIM 20.0 --MCL 400 --TEMP_DIST 2 --TYPE_UPDATE 2 --TEMP_UPDATE 4 --MOV_TYPE 4"
3,y-10_t.txt,5422,2740,10,10,106," 4 9 6 10 2 1 5 7 8 3  ","--MODE 3 --TEMP_INIT 0.01 --TEMP_FIM 20.0 --MCL 400 --TEMP_DIST 2 --TYPE_UPDATE 2 --TEMP_UPDATE 4 --MOV_TYPE 4"
4,y-10_t.txt,5422,2752,10,10,0," 1 2 10 6 9 4 3 8 7 5  ","--MODE 3 --TEMP_INIT 0.01 --TEMP_FIM 20.0 --MCL 400 --TEMP_DIST 2 --TYPE_UPDATE 2 --TEMP_UPDATE 4 --MOV_TYPE 4"
5,y-10_t.txt,5422,2728,10,10,20," 1 5 7 8 3 4 9 6 10 2  ","--MODE 3 --TEMP_INIT 0.01 --TEMP_FIM 20.0 --MCL 400 --TEMP_DIST 2 --TYPE_UPDATE 2 --TEMP_UPDATE 4 --MOV_TYPE 4"
6,y-10_t.txt,5422,2741,10,10,0," 7 5 1 2 10 6 9 4 3 8  ","--MODE 3 --TEMP_INIT 0.01 --TEMP_FIM 20.0 --MCL 400 --TEMP_DIST 2 --TYPE_UPDATE 2 --TEMP_UPDATE 4 --MOV_TYPE 4"
7,y-10_t.txt,5422,2747,10,10,1," 10 2 1 5 7 8 3 4 9 6  ","--MODE 3 --TEMP_INIT 0.01 --TEMP_FIM 20.0 --MCL 400 --TEMP_DIST 2 --TYPE_UPDATE 2 --TEMP_UPDATE 4 --MOV_TYPE 4"
8,y-10_t.txt,5422,2747,10,10,0," 5 1 2 10 6 9 4 3 8 7  ","--MODE 3 --TEMP_INIT 0.01 --TEMP_FIM 20.0 --MCL 400 --TEMP_DIST 2 --TYPE_UPDATE 2 --TEMP_UPDATE 4 --MOV_TYPE 4"
9,y-10_t.txt,5422,2754,10,10,2," 2 10 6 9 4 3 8 7 5 1  ","--MODE 3 --TEMP_INIT 0.01 --TEMP_FIM 20.0 --MCL 400 --TEMP_DIST 2 --TYPE_UPDATE 2 --TEMP_UPDATE 4 --MOV_TYPE 4"
10,y-10_t.txt,5422,2721,10,10,116," 5 7 8 3 4 9 6 10 2 1  ","--MODE 3 --TEMP_INIT 0.01 --TEMP_FIM 20.0 --MCL 400 --TEMP_DIST 2 --TYPE_UPDATE 2 --TEMP_UPDATE 4 --MOV_TYPE 4"
1,y-11_t_2.txt,6700,3057,12,11,14," 3 1 11 10 5 7 9 8 6 4 2 x  ","--MODE 3 --TEMP_INIT 0.01 --TEMP_FIM 20.0 --MCL 400 --TEMP_DIST 2 --TYPE_UPDATE 2 --TEMP_UPDATE 4 --MOV_TYPE 4"
2,y-11_t_2.txt,6700,3065,12,11,5," 2 4 6 8 9 7 5 10 11 1 3 x  ","--MODE 3 --TEMP_INIT 0.01 --TEMP_FIM 20.0 --MCL 400 --TEMP_DIST 2 --TYPE_UPDATE 2 --TEMP_UPDATE 4 --MOV_TYPE 4"
3,y-11_t_2.txt,6700,3025,12,11,20," 2 4 6 8 9 7 5 10 11 1 3 x  ","--MODE 3 --TEMP_INIT 0.01 --TEMP_FIM 20.0 --MCL 400 --TEMP_DIST 2 --TYPE_UPDATE 2 --TEMP_UPDATE 4 --MOV_TYPE 4"
4,y-11_t_2.txt,6700,3046,12,11,0," 3 1 11 10 5 7 9 8 6 4 2 x  ","--MODE 3 --TEMP_INIT 0.01 --TEMP_FIM 20.0 --MCL 400 --TEMP_DIST 2 --TYPE_UPDATE 2 --TEMP_UPDATE 4 --MOV_TYPE 4"
5,y-11_t_2.txt,6700,3039,12,11,29," 3 1 11 10 5 7 9 8 6 4 2 x  ","--MODE 3 --TEMP_INIT 0.01 --TEMP_FIM 20.0 --MCL 400 --TEMP_DIST 2 --TYPE_UPDATE 2 --TEMP_UPDATE 4 --MOV_TYPE 4"
6,y-11_t_2.txt,6700,3055,12,11,0," 3 1 11 10 5 7 9 8 6 4 2 x  ","--MODE 3 --TEMP_INIT 0.01 --TEMP_FIM 20.0 --MCL 400 --TEMP_DIST 2 --TYPE_UPDATE 2 --TEMP_UPDATE 4 --MOV_TYPE 4"
7,y-11_t_2.txt,6700,3060,12,11,39," 3 1 11 10 5 7 9 8 6 4 2 x  ","--MODE 3 --TEMP_INIT 0.01 --TEMP_FIM 20.0 --MCL 400 --TEMP_DIST 2 --TYPE_UPDATE 2 --TEMP_UPDATE 4 --MOV_TYPE 4"
8,y-11_t_2.txt,6700,3038,12,11,0," 3 1 11 10 5 7 9 8 6 4 2 x  ","--MODE 3 --TEMP_INIT 0.01 --TEMP_FIM 20.0 --MCL 400 --TEMP_DIST 2 --TYPE_UPDATE 2 --TEMP_UPDATE 4 --MOV_TYPE 4"
9,y-11_t_2.txt,6700,3038,12,11,0," 3 1 11 10 5 7 9 8 6 4 2 x  ","--MODE 3 --TEMP_INIT 0.01 --TEMP_FIM 20.0 --MCL 400 --TEMP_DIST 2 --TYPE_UPDATE 2 --TEMP_UPDATE 4 --MOV_TYPE 4"
10,y-11_t_2.txt,6700,3043,12,11,0," 2 4 6 8 9 7 5 10 11 1 3 x  ","--MODE 3 --TEMP_INIT 0.01 --TEMP_FIM 20.0 --MCL 400 --TEMP_DIST 2 --TYPE_UPDATE 2 --TEMP_UPDATE 4 --MOV_TYPE 4"
1,y-11_t_3.txt,8044,3010,20,11,0," 3 1 11 10 5 7 9 8 2 4 6 x x x x x x x x x  ","--MODE 3 --TEMP_INIT 0.01 --TEMP_FIM 20.0 --MCL 400 --TEMP_DIST 2 --TYPE_UPDATE 2 --TEMP_UPDATE 4 --MOV_TYPE 4"
2,y-11_t_3.txt,8044,3006,20,11,0," 6 4 2 8 9 7 5 10 11 1 3 x x x x x x x x x  ","--MODE 3 --TEMP_INIT 0.01 --TEMP_FIM 20.0 --MCL 400 --TEMP_DIST 2 --TYPE_UPDATE 2 --TEMP_UPDATE 4 --MOV_TYPE 4"
3,y-11_t_3.txt,8044,3007,20,11,0," 3 1 11 10 5 7 9 8 2 4 6 x x x x x x x x x  ","--MODE 3 --TEMP_INIT 0.01 --TEMP_FIM 20.0 --MCL 400 --TEMP_DIST 2 --TYPE_UPDATE 2 --TEMP_UPDATE 4 --MOV_TYPE 4"
4,y-11_t_3.txt,8044,3027,20,11,12," 6 4 2 8 9 7 5 10 11 1 3 x x x x x x x x x  ","--MODE 3 --TEMP_INIT 0.01 --TEMP_FIM 20.0 --MCL 400 --TEMP_DIST 2 --TYPE_UPDATE 2 --TEMP_UPDATE 4 --MOV_TYPE 4"
5,y-11_t_3.txt,8044,2983,20,11,0," 3 1 11 10 5 7 9 8 2 4 6 x x x x x x x x x  ","--MODE 3 --TEMP_INIT 0.01 --TEMP_FIM 20.0 --MCL 400 --TEMP_DIST 2 --TYPE_UPDATE 2 --TEMP_UPDATE 4 --MOV_TYPE 4"
6,y-11_t_3.txt,8044,3007,20,11,0," 3 1 11 10 5 7 9 8 2 4 6 x x x x x x x x x  ","--MODE 3 --TEMP_INIT 0.01 --TEMP_FIM 20.0 --MCL 400 --TEMP_DIST 2 --TYPE_UPDATE 2 --TEMP_UPDATE 4 --MOV_TYPE 4"
7,y-11_t_3.txt,8044,2963,20,11,13," 6 4 2 8 9 7 5 10 11 1 3 x x x x x x x x x  ","--MODE 3 --TEMP_INIT 0.01 --TEMP_FIM 20.0 --MCL 400 --TEMP_DIST 2 --TYPE_UPDATE 2 --TEMP_UPDATE 4 --MOV_TYPE 4"
8,y-11_t_3.txt,8044,3017,20,11,0," 3 1 11 10 5 7 9 8 2 4 6 x x x x x x x x x  ","--MODE 3 --TEMP_INIT 0.01 --TEMP_FIM 20.0 --MCL 400 --TEMP_DIST 2 --TYPE_UPDATE 2 --TEMP_UPDATE 4 --MOV_TYPE 4"
9,y-11_t_3.txt,8044,3006,20,11,0," 6 4 2 8 9 7 5 10 11 1 3 x x x x x x x x x  ","--MODE 3 --TEMP_INIT 0.01 --TEMP_FIM 20.0 --MCL 400 --TEMP_DIST 2 --TYPE_UPDATE 2 --TEMP_UPDATE 4 --MOV_TYPE 4"
10,y-11_t_3.txt,8044,3013,20,11,0," 3 1 11 10 5 7 9 8 2 4 6 x x x x x x x x x  ","--MODE 3 --TEMP_INIT 0.01 --TEMP_FIM 20.0 --MCL 400 --TEMP_DIST 2 --TYPE_UPDATE 2 --TEMP_UPDATE 4 --MOV_TYPE 4"
1,y-11_t.txt,6166,3019,11,11,5," 4 6 8 9 7 5 10 11 1 3 2  ","--MODE 3 --TEMP_INIT 0.01 --TEMP_FIM 20.0 --MCL 400 --TEMP_DIST 2 --TYPE_UPDATE 2 --TEMP_UPDATE 4 --MOV_TYPE 4"
2,y-11_t.txt,6166,3042,11,11,0," 3 1 11 10 5 7 9 8 6 4 2  ","--MODE 3 --TEMP_INIT 0.01 --TEMP_FIM 20.0 --MCL 400 --TEMP_DIST 2 --TYPE_UPDATE 2 --TEMP_UPDATE 4 --MOV_TYPE 4"
3,y-11_t.txt,6166,3042,11,11,1," 10 5 7 9 8 6 4 2 3 1 11  ","--MODE 3 --TEMP_INIT 0.01 --TEMP_FIM 20.0 --MCL 400 --TEMP_DIST 2 --TYPE_UPDATE 2 --TEMP_UPDATE 4 --MOV_TYPE 4"
4,y-11_t.txt,6166,3051,11,11,0," 11 1 3 2 4 6 8 9 7 5 10  ","--MODE 3 --TEMP_INIT 0.01 --TEMP_FIM 20.0 --MCL 400 --TEMP_DIST 2 --TYPE_UPDATE 2 --TEMP_UPDATE 4 --MOV_TYPE 4"
5,y-11_t.txt,6166,3045,11,11,0," 3 2 4 6 8 9 7 5 10 11 1  ","--MODE 3 --TEMP_INIT 0.01 --TEMP_FIM 20.0 --MCL 400 --TEMP_DIST 2 --TYPE_UPDATE 2 --TEMP_UPDATE 4 --MOV_TYPE 4"
6,y-11_t.txt,6166,3030,11,11,0," 6 4 2 3 1 11 10 5 7 9 8  ","--MODE 3 --TEMP_INIT 0.01 --TEMP_FIM 20.0 --MCL 400 --TEMP_DIST 2 --TYPE_UPDATE 2 --TEMP_UPDATE 4 --MOV_TYPE 4"
7,y-11_t.txt,6166,3059,11,11,27," 2 4 6 8 9 7 5 10 11 1 3  ","--MODE 3 --TEMP_INIT 0.01 --TEMP_FIM 20.0 --MCL 400 --TEMP_DIST 2 --TYPE_UPDATE 2 --TEMP_UPDATE 4 --MOV_TYPE 4"
8,y-11_t.txt,6166,3034,11,11,0," 4 6 8 9 7 5 10 11 1 3 2  ","--MODE 3 --TEMP_INIT 0.01 --TEMP_FIM 20.0 --MCL 400 --TEMP_DIST 2 --TYPE_UPDATE 2 --TEMP_UPDATE 4 --MOV_TYPE 4"
9,y-11_t.txt,6166,3079,11,11,41," 3 2 4 6 8 9 7 5 10 11 1  ","--MODE 3 --TEMP_INIT 0.01 --TEMP_FIM 20.0 --MCL 400 --TEMP_DIST 2 --TYPE_UPDATE 2 --TEMP_UPDATE 4 --MOV_TYPE 4"
10,y-11_t.txt,6166,3068,11,11,0," 4 6 8 9 7 5 10 11 1 3 2  ","--MODE 3 --TEMP_INIT 0.01 --TEMP_FIM 20.0 --MCL 400 --TEMP_DIST 2 --TYPE_UPDATE 2 --TEMP_UPDATE 4 --MOV_TYPE 4"
1,y-12_t_2.txt,9530,3255,20,12,15," 12 4 1 11 3 9 5 8 6 10 2 7 x x x x x x x x  ","--MODE 3 --TEMP_INIT 0.01 --TEMP_FIM 20.0 --MCL 400 --TEMP_DIST 2 --TYPE_UPDATE 2 --TEMP_UPDATE 4 --MOV_TYPE 4"
2,y-12_t_2.txt,9530,3279,20,12,0," 12 1 4 11 3 9 5 8 6 10 2 7 x x x x x x x x  ","--MODE 3 --TEMP_INIT 0.01 --TEMP_FIM 20.0 --MCL 400 --TEMP_DIST 2 --TYPE_UPDATE 2 --TEMP_UPDATE 4 --MOV_TYPE 4"
3,y-12_t_2.txt,9530,3244,20,12,1," 7 2 10 6 8 5 9 3 11 1 4 12 x x x x x x x x  ","--MODE 3 --TEMP_INIT 0.01 --TEMP_FIM 20.0 --MCL 400 --TEMP_DIST 2 --TYPE_UPDATE 2 --TEMP_UPDATE 4 --MOV_TYPE 4"
4,y-12_t_2.txt,9530,3273,20,12,8," 7 2 10 6 8 5 9 3 11 1 4 12 x x x x x x x x  ","--MODE 3 --TEMP_INIT 0.01 --TEMP_FIM 20.0 --MCL 400 --TEMP_DIST 2 --TYPE_UPDATE 2 --TEMP_UPDATE 4 --MOV_TYPE 4"
5,y-12_t_2.txt,9530,3266,20,12,0," 7 2 10 6 8 5 9 3 11 1 4 12 x x x x x x x x  ","--MODE 3 --TEMP_INIT 0.01 --TEMP_FIM 20.0 --MCL 400 --TEMP_DIST 2 --TYPE_UPDATE 2 --TEMP_UPDATE 4 --MOV_TYPE 4"
6,y-12_t_2.txt,9530,3279,20,12,0," 7 2 10 6 8 5 9 3 11 4 1 12 x x x x x x x x  ","--MODE 3 --TEMP_INIT 0.01 --TEMP_FIM 20.0 --MCL 400 --TEMP_DIST 2 --TYPE_UPDATE 2 --TEMP_UPDATE 4 --MOV_TYPE 4"
7,y-12_t_2.txt,9530,3270,20,12,46," 12 4 1 11 3 9 5 8 6 10 2 7 x x x x x x x x  ","--MODE 3 --TEMP_INIT 0.01 --TEMP_FIM 20.0 --MCL 400 --TEMP_DIST 2 --TYPE_UPDATE 2 --TEMP_UPDATE 4 --MOV_TYPE 4"
8,y-12_t_2.txt,9530,3253,20,12,8," 7 2 10 6 8 5 9 3 11 4 1 12 x x x x x x x x  ","--MODE 3 --TEMP_INIT 0.01 --TEMP_FIM 20.0 --MCL 400 --TEMP_DIST 2 --TYPE_UPDATE 2 --TEMP_UPDATE 4 --MOV_TYPE 4"
9,y-12_t_2.txt,9530,3275,20,12,80," 12 1 4 11 3 9 5 8 6 10 2 7 x x x x x x x x  ","--MODE 3 --TEMP_INIT 0.01 --TEMP_FIM 20.0 --MCL 400 --TEMP_DIST 2 --TYPE_UPDATE 2 --TEMP_UPDATE 4 --MOV_TYPE 4"
10,y-12_t_2.txt,9530,3249,20,12,86," 7 2 10 6 8 5 9 3 11 4 1 12 x x x x x x x x  ","--MODE 3 --TEMP_INIT 0.01 --TEMP_FIM 20.0 --MCL 400 --TEMP_DIST 2 --TYPE_UPDATE 2 --TEMP_UPDATE 4 --MOV_TYPE 4"
1,y-12_t.txt,7354,3253,12,12,0," 6 5 12 9 11 4 1 3 8 2 7 10  ","--MODE 3 --TEMP_INIT 0.01 --TEMP_FIM 20.0 --MCL 400 --TEMP_DIST 2 --TYPE_UPDATE 2 --TEMP_UPDATE 4 --MOV_TYPE 4"
2,y-12_t.txt,7354,3232,12,12,45," 7 2 8 3 1 4 11 9 12 5 6 10  ","--MODE 3 --TEMP_INIT 0.01 --TEMP_FIM 20.0 --MCL 400 --TEMP_DIST 2 --TYPE_UPDATE 2 --TEMP_UPDATE 4 --MOV_TYPE 4"
3,y-12_t.txt,7354,3285,12,12,0," 12 5 6 10 7 2 8 3 1 4 11 9  ","--MODE 3 --TEMP_INIT 0.01 --TEMP_FIM 20.0 --MCL 400 --TEMP_DIST 2 --TYPE_UPDATE 2 --TEMP_UPDATE 4 --MOV_TYPE 4"
4,y-12_t.txt,7354,3262,12,12,0," 11 4 1 3 8 2 7 10 6 5 12 9  ","--MODE 3 --TEMP_INIT 0.01 --TEMP_FIM 20.0 --MCL 400 --TEMP_DIST 2 --TYPE_UPDATE 2 --TEMP_UPDATE 4 --MOV_TYPE 4"
5,y-12_t.txt,7354,3249,12,12,0," 8 2 7 10 6 5 12 9 11 4 1 3  ","--MODE 3 --TEMP_INIT 0.01 --TEMP_FIM 20.0 --MCL 400 --TEMP_DIST 2 --TYPE_UPDATE 2 --TEMP_UPDATE 4 --MOV_TYPE 4"
6,y-12_t.txt,7354,3258,12,12,0," 6 5 12 9 11 4 1 3 8 2 7 10  ","--MODE 3 --TEMP_INIT 0.01 --TEMP_FIM 20.0 --MCL 400 --TEMP_DIST 2 --TYPE_UPDATE 2 --TEMP_UPDATE 4 --MOV_TYPE 4"
7,y-12_t.txt,7354,3261,12,12,0," 1 4 11 9 12 5 6 10 7 2 8 3  ","--MODE 3 --TEMP_INIT 0.01 --TEMP_FIM 20.0 --MCL 400 --TEMP_DIST 2 --TYPE_UPDATE 2 --TEMP_UPDATE 4 --MOV_TYPE 4"
8,y-12_t.txt,7354,3277,12,12,0," 9 12 5 6 10 7 2 8 3 1 4 11  ","--MODE 3 --TEMP_INIT 0.01 --TEMP_FIM 20.0 --MCL 400 --TEMP_DIST 2 --TYPE_UPDATE 2 --TEMP_UPDATE 4 --MOV_TYPE 4"
9,y-12_t.txt,7354,3273,12,12,0," 4 11 9 12 5 6 10 7 2 8 3 1  ","--MODE 3 --TEMP_INIT 0.01 --TEMP_FIM 20.0 --MCL 400 --TEMP_DIST 2 --TYPE_UPDATE 2 --TEMP_UPDATE 4 --MOV_TYPE 4"
10,y-12_t.txt,7354,3255,12,12,59," 2 7 10 6 5 12 9 11 4 1 3 8  ","--MODE 3 --TEMP_INIT 0.01 --TEMP_FIM 20.0 --MCL 400 --TEMP_DIST 2 --TYPE_UPDATE 2 --TEMP_UPDATE 4 --MOV_TYPE 4"
1,y-13_t_2.txt,10734,3508,20,13,369," 6 1 13 11 10 2 12 8 5 4 9 3 7 x x x x x x x  ","--MODE 3 --TEMP_INIT 0.01 --TEMP_FIM 20.0 --MCL 400 --TEMP_DIST 2 --TYPE_UPDATE 2 --TEMP_UPDATE 4 --MOV_TYPE 4"
2,y-13_t_2.txt,10734,3541,20,13,40," 7 3 9 4 5 8 12 2 10 11 13 1 6 x x x x x x x  ","--MODE 3 --TEMP_INIT 0.01 --TEMP_FIM 20.0 --MCL 400 --TEMP_DIST 2 --TYPE_UPDATE 2 --TEMP_UPDATE 4 --MOV_TYPE 4"
3,y-13_t_2.txt,10734,3531,20,13,336," 6 1 13 11 10 2 12 8 5 4 9 3 7 x x x x x x x  ","--MODE 3 --TEMP_INIT 0.01 --TEMP_FIM 20.0 --MCL 400 --TEMP_DIST 2 --TYPE_UPDATE 2 --TEMP_UPDATE 4 --MOV_TYPE 4"
4,y-13_t_2.txt,10734,3500,20,13,10," 7 3 9 4 5 8 12 2 10 11 13 1 6 x x x x x x x  ","--MODE 3 --TEMP_INIT 0.01 --TEMP_FIM 20.0 --MCL 400 --TEMP_DIST 2 --TYPE_UPDATE 2 --TEMP_UPDATE 4 --MOV_TYPE 4"
5,y-13_t_2.txt,10734,3563,20,13,0," 7 3 9 5 4 8 12 2 10 11 13 1 6 x x x x x x x  ","--MODE 3 --TEMP_INIT 0.01 --TEMP_FIM 20.0 --MCL 400 --TEMP_DIST 2 --TYPE_UPDATE 2 --TEMP_UPDATE 4 --MOV_TYPE 4"
6,y-13_t_2.txt,10734,3504,20,13,12," 6 1 13 11 10 2 12 8 5 4 9 3 7 x x x x x x x  ","--MODE 3 --TEMP_INIT 0.01 --TEMP_FIM 20.0 --MCL 400 --TEMP_DIST 2 --TYPE_UPDATE 2 --TEMP_UPDATE 4 --MOV_TYPE 4"
7,y-13_t_2.txt,10734,3536,20,13,1497," 6 1 13 11 10 2 12 8 5 4 9 3 7 x x x x x x x  ","--MODE 3 --TEMP_INIT 0.01 --TEMP_FIM 20.0 --MCL 400 --TEMP_DIST 2 --TYPE_UPDATE 2 --TEMP_UPDATE 4 --MOV_TYPE 4"
8,y-13_t_2.txt,10734,3500,20,13,55," 7 3 9 5 4 8 12 2 10 11 13 1 6 x x x x x x x  ","--MODE 3 --TEMP_INIT 0.01 --TEMP_FIM 20.0 --MCL 400 --TEMP_DIST 2 --TYPE_UPDATE 2 --TEMP_UPDATE 4 --MOV_TYPE 4"
9,y-13_t_2.txt,10734,3545,20,13,63," 6 1 13 11 10 2 12 8 5 4 9 3 7 x x x x x x x  ","--MODE 3 --TEMP_INIT 0.01 --TEMP_FIM 20.0 --MCL 400 --TEMP_DIST 2 --TYPE_UPDATE 2 --TEMP_UPDATE 4 --MOV_TYPE 4"
10,y-13_t_2.txt,10734,3518,20,13,172," 7 3 9 4 5 8 12 2 10 11 13 1 6 x x x x x x x  ","--MODE 3 --TEMP_INIT 0.01 --TEMP_FIM 20.0 --MCL 400 --TEMP_DIST 2 --TYPE_UPDATE 2 --TEMP_UPDATE 4 --MOV_TYPE 4"
1,y-13_t.txt,8392,3545,13,13,400," 3 9 7 5 8 11 6 10 1 13 2 12 4  ","--MODE 3 --TEMP_INIT 0.01 --TEMP_FIM 20.0 --MCL 400 --TEMP_DIST 2 --TYPE_UPDATE 2 --TEMP_UPDATE 4 --MOV_TYPE 4"
2,y-13_t.txt,8392,3542,13,13,118," 5 7 9 3 4 12 2 13 1 10 6 11 8  ","--MODE 3 --TEMP_INIT 0.01 --TEMP_FIM 20.0 --MCL 400 --TEMP_DIST 2 --TYPE_UPDATE 2 --TEMP_UPDATE 4 --MOV_TYPE 4"
3,y-13_t.txt,8392,3546,13,13,14," 7 5 8 11 6 10 1 13 2 12 4 3 9  ","--MODE 3 --TEMP_INIT 0.01 --TEMP_FIM 20.0 --MCL 400 --TEMP_DIST 2 --TYPE_UPDATE 2 --TEMP_UPDATE 4 --MOV_TYPE 4"
4,y-13_t.txt,8392,3573,13,13,1," 2 13 1 10 6 11 8 5 7 9 3 4 12  ","--MODE 3 --TEMP_INIT 0.01 --TEMP_FIM 20.0 --MCL 400 --TEMP_DIST 2 --TYPE_UPDATE 2 --TEMP_UPDATE 4 --MOV_TYPE 4"
5,y-13_t.txt,8392,3547,13,13,200," 3 9 7 5 8 11 6 10 1 13 2 12 4  ","--MODE 3 --TEMP_INIT 0.01 --TEMP_FIM 20.0 --MCL 400 --TEMP_DIST 2 --TYPE_UPDATE 2 --TEMP_UPDATE 4 --MOV_TYPE 4"
6,y-13_t.txt,8392,3555,13,13,0," 13 1 10 6 11 8 5 7 9 3 4 12 2  ","--MODE 3 --TEMP_INIT 0.01 --TEMP_FIM 20.0 --MCL 400 --TEMP_DIST 2 --TYPE_UPDATE 2 --TEMP_UPDATE 4 --MOV_TYPE 4"
7,y-13_t.txt,8392,3568,13,13,109," 3 4 12 2 13 1 10 6 11 8 5 7 9  ","--MODE 3 --TEMP_INIT 0.01 --TEMP_FIM 20.0 --MCL 400 --TEMP_DIST 2 --TYPE_UPDATE 2 --TEMP_UPDATE 4 --MOV_TYPE 4"
8,y-13_t.txt,8392,3572,13,13,0," 5 8 11 6 10 1 13 2 12 4 3 9 7  ","--MODE 3 --TEMP_INIT 0.01 --TEMP_FIM 20.0 --MCL 400 --TEMP_DIST 2 --TYPE_UPDATE 2 --TEMP_UPDATE 4 --MOV_TYPE 4"
9,y-13_t.txt,8392,3557,13,13,54," 5 7 9 3 4 12 2 13 1 10 6 11 8  ","--MODE 3 --TEMP_INIT 0.01 --TEMP_FIM 20.0 --MCL 400 --TEMP_DIST 2 --TYPE_UPDATE 2 --TEMP_UPDATE 4 --MOV_TYPE 4"
10,y-13_t.txt,8392,3553,13,13,7," 4 3 9 7 5 8 11 6 10 1 13 2 12  ","--MODE 3 --TEMP_INIT 0.01 --TEMP_FIM 20.0 --MCL 400 --TEMP_DIST 2 --TYPE_UPDATE 2 --TEMP_UPDATE 4 --MOV_TYPE 4"
1,y-14_t_2.txt,12358,3807,20,14,499," 12 14 1 13 2 6 7 3 9 5 11 10 4 8 x x x x x x  ","--MODE 3 --TEMP_INIT 0.01 --TEMP_FIM 20.0 --MCL 400 --TEMP_DIST 2 --TYPE_UPDATE 2 --TEMP_UPDATE 4 --MOV_TYPE 4"
2,y-14_t_2.txt,12358,3780,20,14,0," 8 4 10 11 5 9 3 7 13 1 2 6 14 12 x x x x x x  ","--MODE 3 --TEMP_INIT 0.01 --TEMP_FIM 20.0 --MCL 400 --TEMP_DIST 2 --TYPE_UPDATE 2 --TEMP_UPDATE 4 --MOV_TYPE 4"
3,y-14_t_2.txt,12358,3793,20,14,316," 12 14 6 2 1 13 7 3 9 5 11 10 4 8 x x x x x x  ","--MODE 3 --TEMP_INIT 0.01 --TEMP_FIM 20.0 --MCL 400 --TEMP_DIST 2 --TYPE_UPDATE 2 --TEMP_UPDATE 4 --MOV_TYPE 4"
4,y-14_t_2.txt,12358,3758,20,14,240," 8 4 10 11 5 9 3 7 13 2 6 1 14 12 x x x x x x  ","--MODE 3 --TEMP_INIT 0.01 --TEMP_FIM 20.0 --MCL 400 --TEMP_DIST 2 --TYPE_UPDATE 2 --TEMP_UPDATE 4 --MOV_TYPE 4"
5,y-14_t_2.txt,12358,3795,20,14,20," 12 14 1 13 2 6 7 3 9 5 11 10 4 8 x x x x x x  ","--MODE 3 --TEMP_INIT 0.01 --TEMP_FIM 20.0 --MCL 400 --TEMP_DIST 2 --TYPE_UPDATE 2 --TEMP_UPDATE 4 --MOV_TYPE 4"
6,y-14_t_2.txt,12358,3735,20,14,0," 8 4 10 11 5 9 3 7 13 2 6 1 14 12 x x x x x x  ","--MODE 3 --TEMP_INIT 0.01 --TEMP_FIM 20.0 --MCL 400 --TEMP_DIST 2 --TYPE_UPDATE 2 --TEMP_UPDATE 4 --MOV_TYPE 4"
7,y-14_t_2.txt,12358,3781,20,14,20," 12 14 1 6 2 13 7 3 9 5 11 10 4 8 x x x x x x  ","--MODE 3 --TEMP_INIT 0.01 --TEMP_FIM 20.0 --MCL 400 --TEMP_DIST 2 --TYPE_UPDATE 2 --TEMP_UPDATE 4 --MOV_TYPE 4"
8,y-14_t_2.txt,12358,3816,20,14,0," 8 4 10 11 5 9 3 7 13 2 6 1 14 12 x x x x x x  ","--MODE 3 --TEMP_INIT 0.01 --TEMP_FIM 20.0 --MCL 400 --TEMP_DIST 2 --TYPE_UPDATE 2 --TEMP_UPDATE 4 --MOV_TYPE 4"
9,y-14_t_2.txt,12358,3798,20,14,3737," 8 4 10 11 5 9 3 7 13 2 6 1 14 12 x x x x x x  ","--MODE 3 --TEMP_INIT 0.01 --TEMP_FIM 20.0 --MCL 400 --TEMP_DIST 2 --TYPE_UPDATE 2 --TEMP_UPDATE 4 --MOV_TYPE 4"
10,y-14_t_2.txt,12358,3765,20,14,256," 8 4 10 11 5 9 3 7 6 2 13 1 14 12 x x x x x x  ","--MODE 3 --TEMP_INIT 0.01 --TEMP_FIM 20.0 --MCL 400 --TEMP_DIST 2 --TYPE_UPDATE 2 --TEMP_UPDATE 4 --MOV_TYPE 4"
1,y-14_t.txt,9852,3898,14,14,102," 8 1 2 14 12 6 7 3 9 5 10 11 13 4  ","--MODE 3 --TEMP_INIT 0.01 --TEMP_FIM 20.0 --MCL 400 --TEMP_DIST 2 --TYPE_UPDATE 2 --TEMP_UPDATE 4 --MOV_TYPE 4"
2,y-14_t.txt,9852,3874,14,14,144," 12 6 7 3 9 5 10 11 13 4 8 1 2 14  ","--MODE 3 --TEMP_INIT 0.01 --TEMP_FIM 20.0 --MCL 400 --TEMP_DIST 2 --TYPE_UPDATE 2 --TEMP_UPDATE 4 --MOV_TYPE 4"
3,y-14_t.txt,9852,3846,14,14,901," 8 1 2 14 12 6 7 3 9 5 10 11 13 4  ","--MODE 3 --TEMP_INIT 0.01 --TEMP_FIM 20.0 --MCL 400 --TEMP_DIST 2 --TYPE_UPDATE 2 --TEMP_UPDATE 4 --MOV_TYPE 4"
4,y-14_t.txt,9852,3839,14,14,603," 12 6 7 3 9 5 10 11 13 4 8 1 2 14  ","--MODE 3 --TEMP_INIT 0.01 --TEMP_FIM 20.0 --MCL 400 --TEMP_DIST 2 --TYPE_UPDATE 2 --TEMP_UPDATE 4 --MOV_TYPE 4"
5,y-14_t.txt,9852,3886,14,14,2727," 10 11 13 4 8 1 2 14 12 6 7 3 9 5  ","--MODE 3 --TEMP_INIT 0.01 --TEMP_FIM 20.0 --MCL 400 --TEMP_DIST 2 --TYPE_UPDATE 2 --TEMP_UPDATE 4 --MOV_TYPE 4"
6,y-14_t.txt,9852,3815,14,14,0," 12 14 2 1 8 4 13 11 10 5 9 3 7 6  ","--MODE 3 --TEMP_INIT 0.01 --TEMP_FIM 20.0 --MCL 400 --TEMP_DIST 2 --TYPE_UPDATE 2 --TEMP_UPDATE 4 --MOV_TYPE 4"
7,y-14_t.txt,9852,3825,14,14,1," 12 14 2 1 8 4 13 11 10 5 9 3 7 6  ","--MODE 3 --TEMP_INIT 0.01 --TEMP_FIM 20.0 --MCL 400 --TEMP_DIST 2 --TYPE_UPDATE 2 --TEMP_UPDATE 4 --MOV_TYPE 4"
8,y-14_t.txt,9852,3839,14,14,1," 14 2 1 8 4 13 11 10 5 9 3 7 6 12  ","--MODE 3 --TEMP_INIT 0.01 --TEMP_FIM 20.0 --MCL 400 --TEMP_DIST 2 --TYPE_UPDATE 2 --TEMP_UPDATE 4 --MOV_TYPE 4"
9,y-14_t.txt,9852,3796,14,14,0," 14 2 1 8 4 13 11 10 5 9 3 7 6 12  ","--MODE 3 --TEMP_INIT 0.01 --TEMP_FIM 20.0 --MCL 400 --TEMP_DIST 2 --TYPE_UPDATE 2 --TEMP_UPDATE 4 --MOV_TYPE 4"
10,y-14_t.txt,9852,3834,14,14,46," 13 4 8 1 2 14 12 6 7 3 9 5 10 11  ","--MODE 3 --TEMP_INIT 0.01 --TEMP_FIM 20.0 --MCL 400 --TEMP_DIST 2 --TYPE_UPDATE 2 --TEMP_UPDATE 4 --MOV_TYPE 4"
1,y-15_t_2.txt,14718,3886,30,15,443," 13 9 7 15 1 14 2 3 5 12 11 10 8 6 4 x x x x x x x x x x x x x x x  ","--MODE 3 --TEMP_INIT 0.01 --TEMP_FIM 20.0 --MCL 400 --TEMP_DIST 2 --TYPE_UPDATE 2 --TEMP_UPDATE 4 --MOV_TYPE 4"
2,y-15_t_2.txt,14718,3871,30,15,2," 13 9 7 15 14 1 2 3 5 12 11 10 8 6 4 x x x x x x x x x x x x x x x  ","--MODE 3 --TEMP_INIT 0.01 --TEMP_FIM 20.0 --MCL 400 --TEMP_DIST 2 --TYPE_UPDATE 2 --TEMP_UPDATE 4 --MOV_TYPE 4"
3,y-15_t_2.txt,14718,3899,30,15,1," 4 6 8 10 11 12 5 3 2 1 14 15 7 9 13 x x x x x x x x x x x x x x x  ","--MODE 3 --TEMP_INIT 0.01 --TEMP_FIM 20.0 --MCL 400 --TEMP_DIST 2 --TYPE_UPDATE 2 --TEMP_UPDATE 4 --MOV_TYPE 4"
4,y-15_t_2.txt,14718,3862,30,15,227," 13 9 7 15 14 1 2 3 5 12 11 10 8 6 4 x x x x x x x x x x x x x x x  ","--MODE 3 --TEMP_INIT 0.01 --TEMP_FIM 20.0 --MCL 400 --TEMP_DIST 2 --TYPE_UPDATE 2 --TEMP_UPDATE 4 --MOV_TYPE 4"
5,y-15_t_2.txt,14718,3859,30,15,0," 4 6 8 10 11 12 5 3 2 1 14 15 7 9 13 x x x x x x x x x x x x x x x  ","--MODE 3 --TEMP_INIT 0.01 --TEMP_FIM 20.0 --MCL 400 --TEMP_DIST 2 --TYPE_UPDATE 2 --TEMP_UPDATE 4 --MOV_TYPE 4"
6,y-15_t_2.txt,14718,3891,30,15,3," 13 9 7 15 14 1 2 3 5 12 11 10 8 6 4 x x x x x x x x x x x x x x x  ","--MODE 3 --TEMP_INIT 0.01 --TEMP_FIM 20.0 --MCL 400 --TEMP_DIST 2 --TYPE_UPDATE 2 --TEMP_UPDATE 4 --MOV_TYPE 4"
7,y-15_t_2.txt,14718,3847,30,15,512," 13 9 7 15 14 1 2 3 5 12 11 10 8 6 4 x x x x x x x x x x x x x x x  ","--MODE 3 --TEMP_INIT 0.01 --TEMP_FIM 20.0 --MCL 400 --TEMP_DIST 2 --TYPE_UPDATE 2 --TEMP_UPDATE 4 --MOV_TYPE 4"
8,y-15_t_2.txt,14718,3888,30,15,1," 4 6 8 10 11 12 5 3 2 14 1 15 7 9 13 x x x x x x x x x x x x x x x  ","--MODE 3 --TEMP_INIT 0.01 --TEMP_FIM 20.0 --MCL 400 --TEMP_DIST 2 --TYPE_UPDATE 2 --TEMP_UPDATE 4 --MOV_TYPE 4"
9,y-15_t_2.txt,14718,3871,30,15,3," 13 9 7 15 1 14 2 3 5 12 11 10 8 6 4 x x x x x x x x x x x x x x x  ","--MODE 3 --TEMP_INIT 0.01 --TEMP_FIM 20.0 --MCL 400 --TEMP_DIST 2 --TYPE_UPDATE 2 --TEMP_UPDATE 4 --MOV_TYPE 4"
10,y-15_t_2.txt,14718,3841,30,15,114," 13 9 7 15 1 14 2 3 5 12 11 10 8 6 4 x x x x x x x x x x x x x x x  ","--MODE 3 --TEMP_INIT 0.01 --TEMP_FIM 20.0 --MCL 400 --TEMP_DIST 2 --TYPE_UPDATE 2 --TEMP_UPDATE 4 --MOV_TYPE 4"
1,y-15_t.txt,13768,3865,20,15,730," 6 4 10 11 12 8 5 3 2 1 14 15 7 9 13 x x x x x  ","--MODE 3 --TEMP_INIT 0.01 --TEMP_FIM 20.0 --MCL 400 --TEMP_DIST 2 --TYPE_UPDATE 2 --TEMP_UPDATE 4 --MOV_TYPE 4"
2,y-15_t.txt,13768,3899,20,15,21," 6 4 10 11 12 8 5 3 2 14 1 15 7 9 13 x x x x x  ","--MODE 3 --TEMP_INIT 0.01 --TEMP_FIM 20.0 --MCL 400 --TEMP_DIST 2 --TYPE_UPDATE 2 --TEMP_UPDATE 4 --MOV_TYPE 4"
3,y-15_t.txt,13768,3879,20,15,513," 6 4 10 11 12 8 5 3 2 14 1 15 7 9 13 x x x x x  ","--MODE 3 --TEMP_INIT 0.01 --TEMP_FIM 20.0 --MCL 400 --TEMP_DIST 2 --TYPE_UPDATE 2 --TEMP_UPDATE 4 --MOV_TYPE 4"
4,y-15_t.txt,13768,3842,20,15,0," 13 9 7 15 14 1 2 3 5 8 12 11 10 4 6 x x x x x  ","--MODE 3 --TEMP_INIT 0.01 --TEMP_FIM 20.0 --MCL 400 --TEMP_DIST 2 --TYPE_UPDATE 2 --TEMP_UPDATE 4 --MOV_TYPE 4"
5,y-15_t.txt,13768,3892,20,15,70," 6 4 10 11 12 8 5 3 2 1 14 15 7 9 13 x x x x x  ","--MODE 3 --TEMP_INIT 0.01 --TEMP_FIM 20.0 --MCL 400 --TEMP_DIST 2 --TYPE_UPDATE 2 --TEMP_UPDATE 4 --MOV_TYPE 4"
6,y-15_t.txt,13768,3845,20,15,2487," 6 4 10 11 12 8 5 3 2 1 14 15 7 9 13 x x x x x  ","--MODE 3 --TEMP_INIT 0.01 --TEMP_FIM 20.0 --MCL 400 --TEMP_DIST 2 --TYPE_UPDATE 2 --TEMP_UPDATE 4 --MOV_TYPE 4"
7,y-15_t.txt,13768,3873,20,15,1195," 6 4 10 11 12 8 5 3 2 1 14 15 7 9 13 x x x x x  ","--MODE 3 --TEMP_INIT 0.01 --TEMP_FIM 20.0 --MCL 400 --TEMP_DIST 2 --TYPE_UPDATE 2 --TEMP_UPDATE 4 --MOV_TYPE 4"
8,y-15_t.txt,13768,3889,20,15,115," 6 4 10 11 12 8 5 3 2 14 1 15 7 9 13 x x x x x  ","--MODE 3 --TEMP_INIT 0.01 --TEMP_FIM 20.0 --MCL 400 --TEMP_DIST 2 --TYPE_UPDATE 2 --TEMP_UPDATE 4 --MOV_TYPE 4"
9,y-15_t.txt,13768,3867,20,15,249," 13 9 7 15 14 1 2 3 5 8 12 11 10 4 6 x x x x x  ","--MODE 3 --TEMP_INIT 0.01 --TEMP_FIM 20.0 --MCL 400 --TEMP_DIST 2 --TYPE_UPDATE 2 --TEMP_UPDATE 4 --MOV_TYPE 4"
10,y-15_t.txt,13768,3875,20,15,189," 6 4 10 11 12 8 5 3 2 14 1 15 7 9 13 x x x x x  ","--MODE 3 --TEMP_INIT 0.01 --TEMP_FIM 20.0 --MCL 400 --TEMP_DIST 2 --TYPE_UPDATE 2 --TEMP_UPDATE 4 --MOV_TYPE 4"
1,y-20_t.txt,23770,5698,30,20,1," 6 16 1 9 10 13 5 14 3 17 15 19 20 2 12 18 11 7 4 8 x x x x x x x x x x  ","--MODE 3 --TEMP_INIT 0.01 --TEMP_FIM 20.0 --MCL 400 --TEMP_DIST 2 --TYPE_UPDATE 2 --TEMP_UPDATE 4 --MOV_TYPE 4"
2,y-20_t.txt,23770,5713,30,20,332," 8 4 7 11 18 12 2 20 19 15 17 3 14 5 13 10 9 1 16 6 x x x x x x x x x x  ","--MODE 3 --TEMP_INIT 0.01 --TEMP_FIM 20.0 --MCL 400 --TEMP_DIST 2 --TYPE_UPDATE 2 --TEMP_UPDATE 4 --MOV_TYPE 4"
3,y-20_t.txt,23770,5680,30,20,2," 8 4 7 11 18 12 2 20 19 15 17 3 14 5 13 10 9 1 16 6 x x x x x x x x x x  ","--MODE 3 --TEMP_INIT 0.01 --TEMP_FIM 20.0 --MCL 400 --TEMP_DIST 2 --TYPE_UPDATE 2 --TEMP_UPDATE 4 --MOV_TYPE 4"
4,y-20_t.txt,23770,5716,30,20,2," 6 16 1 9 10 13 5 14 3 17 15 19 20 2 12 18 11 7 4 8 x x x x x x x x x x  ","--MODE 3 --TEMP_INIT 0.01 --TEMP_FIM 20.0 --MCL 400 --TEMP_DIST 2 --TYPE_UPDATE 2 --TEMP_UPDATE 4 --MOV_TYPE 4"
5,y-20_t.txt,23770,5694,30,20,2678," 6 16 1 9 10 13 5 14 3 17 15 19 20 2 12 18 11 7 4 8 x x x x x x x x x x  ","--MODE 3 --TEMP_INIT 0.01 --TEMP_FIM 20.0 --MCL 400 --TEMP_DIST 2 --TYPE_UPDATE 2 --TEMP_UPDATE 4 --MOV_TYPE 4"
6,y-20_t.txt,23770,5719,30,20,2," 8 4 7 11 18 12 2 20 19 15 17 3 14 5 13 10 9 1 16 6 x x x x x x x x x x  ","--MODE 3 --TEMP_INIT 0.01 --TEMP_FIM 20.0 --MCL 400 --TEMP_DIST 2 --TYPE_UPDATE 2 --TEMP_UPDATE 4 --MOV_TYPE 4"
7,y-20_t.txt,23770,5684,30,20,401," 8 4 7 11 18 12 2 20 19 15 17 3 14 5 13 10 9 1 16 6 x x x x x x x x x x  ","--MODE 3 --TEMP_INIT 0.01 --TEMP_FIM 20.0 --MCL 400 --TEMP_DIST 2 --TYPE_UPDATE 2 --TEMP_UPDATE 4 --MOV_TYPE 4"
8,y-20_t.txt,23770,5710,30,20,622," 6 16 1 9 10 13 5 14 3 17 15 19 20 2 12 18 11 7 4 8 x x x x x x x x x x  ","--MODE 3 --TEMP_INIT 0.01 --TEMP_FIM 20.0 --MCL 400 --TEMP_DIST 2 --TYPE_UPDATE 2 --TEMP_UPDATE 4 --MOV_TYPE 4"
9,y-20_t.txt,23770,5751,30,20,2," 6 16 1 9 10 13 5 14 3 17 15 19 20 2 12 18 11 7 4 8 x x x x x x x x x x  ","--MODE 3 --TEMP_INIT 0.01 --TEMP_FIM 20.0 --MCL 400 --TEMP_DIST 2 --TYPE_UPDATE 2 --TEMP_UPDATE 4 --MOV_TYPE 4"
10,y-20_t.txt,23770,5759,30,20,1," 6 16 1 9 10 13 5 14 3 17 15 19 20 2 12 18 11 7 4 8 x x x x x x x x x x  ","--MODE 3 --TEMP_INIT 0.01 --TEMP_FIM 20.0 --MCL 400 --TEMP_DIST 2 --TYPE_UPDATE 2 --TEMP_UPDATE 4 --MOV_TYPE 4"
1,y-25_t.txt,36022,7834,30,25,63," 4 13 21 15 14 9 3 5 11 25 10 7 24 6 12 23 1 8 16 20 22 17 19 18 2 x x x x x  ","--MODE 3 --TEMP_INIT 0.01 --TEMP_FIM 20.0 --MCL 400 --TEMP_DIST 2 --TYPE_UPDATE 2 --TEMP_UPDATE 4 --MOV_TYPE 4"
2,y-25_t.txt,36022,7911,30,25,2604," 2 18 19 17 22 20 16 8 1 23 12 6 24 7 10 25 11 5 3 9 14 15 21 13 4 x x x x x  ","--MODE 3 --TEMP_INIT 0.01 --TEMP_FIM 20.0 --MCL 400 --TEMP_DIST 2 --TYPE_UPDATE 2 --TEMP_UPDATE 4 --MOV_TYPE 4"
3,y-25_t.txt,36032,7883,30,25,5," 13 4 21 14 15 3 9 25 11 5 10 7 24 6 12 1 23 8 16 20 17 2 19 18 22 x x x x x  ","--MODE 3 --TEMP_INIT 0.01 --TEMP_FIM 20.0 --MCL 400 --TEMP_DIST 2 --TYPE_UPDATE 2 --TEMP_UPDATE 4 --MOV_TYPE 4"
4,y-25_t.txt,36030,7870,30,25,5858," 2 18 19 17 22 20 16 8 23 1 12 6 24 7 10 25 11 5 3 9 15 14 21 4 13 x x x x x  ","--MODE 3 --TEMP_INIT 0.01 --TEMP_FIM 20.0 --MCL 400 --TEMP_DIST 2 --TYPE_UPDATE 2 --TEMP_UPDATE 4 --MOV_TYPE 4"
5,y-25_t.txt,36040,7884,30,25,6," 9 3 15 11 4 5 14 13 21 2 18 19 17 22 16 8 20 12 23 24 7 1 6 10 25 x x x x x  ","--MODE 3 --TEMP_INIT 0.01 --TEMP_FIM 20.0 --MCL 400 --TEMP_DIST 2 --TYPE_UPDATE 2 --TEMP_UPDATE 4 --MOV_TYPE 4"
6,y-25_t.txt,36024,7867,30,25,508," 22 18 19 2 17 20 16 8 1 23 12 6 24 7 10 5 11 25 9 3 15 14 21 13 4 x x x x x  ","--MODE 3 --TEMP_INIT 0.01 --TEMP_FIM 20.0 --MCL 400 --TEMP_DIST 2 --TYPE_UPDATE 2 --TEMP_UPDATE 4 --MOV_TYPE 4"
7,y-25_t.txt,36022,7955,30,25,1271," 2 18 19 17 22 20 16 8 1 23 12 6 24 7 10 25 11 5 3 9 14 15 21 13 4 x x x x x  ","--MODE 3 --TEMP_INIT 0.01 --TEMP_FIM 20.0 --MCL 400 --TEMP_DIST 2 --TYPE_UPDATE 2 --TEMP_UPDATE 4 --MOV_TYPE 4"
8,y-25_t.txt,36022,7858,30,25,8449," 2 18 19 17 22 20 16 8 1 23 12 6 24 7 10 25 11 5 3 9 15 14 21 13 4 x x x x x  ","--MODE 3 --TEMP_INIT 0.01 --TEMP_FIM 20.0 --MCL 400 --TEMP_DIST 2 --TYPE_UPDATE 2 --TEMP_UPDATE 4 --MOV_TYPE 4"
9,y-25_t.txt,36030,7887,30,25,2405," 2 18 19 17 22 20 16 8 23 1 12 6 24 7 10 25 11 5 3 9 14 15 21 4 13 x x x x x  ","--MODE 3 --TEMP_INIT 0.01 --TEMP_FIM 20.0 --MCL 400 --TEMP_DIST 2 --TYPE_UPDATE 2 --TEMP_UPDATE 4 --MOV_TYPE 4"
10,y-25_t.txt,36026,7874,30,25,8696," 2 18 19 17 22 20 16 8 1 23 12 6 24 7 10 25 11 5 9 3 14 15 21 13 4 x x x x x  ","--MODE 3 --TEMP_INIT 0.01 --TEMP_FIM 20.0 --MCL 400 --TEMP_DIST 2 --TYPE_UPDATE 2 --TEMP_UPDATE 4 --MOV_TYPE 4"
1,y-30_t.txt,55346,10690,60,30,16," 28 15 18 5 7 2 10 19 1 22 26 25 3 12 16 27 20 30 6 14 9 8 23 13 17 24 4 21 11 29 x x x x x x x x x x x x x x x x x x x x x x x x x x x x x x  ","--MODE 3 --TEMP_INIT 0.01 --TEMP_FIM 20.0 --MCL 400 --TEMP_DIST 2 --TYPE_UPDATE 2 --TEMP_UPDATE 4 --MOV_TYPE 4"
2,y-30_t.txt,55346,10639,60,30,705," 29 11 21 4 24 17 13 23 8 9 14 6 30 20 27 16 12 3 25 26 22 1 19 10 2 7 5 18 15 28 x x x x x x x x x x x x x x x x x x x x x x x x x x x x x x  ","--MODE 3 --TEMP_INIT 0.01 --TEMP_FIM 20.0 --MCL 400 --TEMP_DIST 2 --TYPE_UPDATE 2 --TEMP_UPDATE 4 --MOV_TYPE 4"
3,y-30_t.txt,55346,10669,60,30,5," 29 11 21 4 24 17 13 23 8 9 14 6 30 20 27 16 12 3 25 26 22 1 19 10 2 7 5 18 15 28 x x x x x x x x x x x x x x x x x x x x x x x x x x x x x x  ","--MODE 3 --TEMP_INIT 0.01 --TEMP_FIM 20.0 --MCL 400 --TEMP_DIST 2 --TYPE_UPDATE 2 --TEMP_UPDATE 4 --MOV_TYPE 4"
4,y-30_t.txt,55346,10665,60,30,2535," 29 11 21 4 24 17 13 23 8 9 14 6 30 20 27 16 12 3 25 26 22 1 19 10 2 7 5 18 15 28 x x x x x x x x x x x x x x x x x x x x x x x x x x x x x x  ","--MODE 3 --TEMP_INIT 0.01 --TEMP_FIM 20.0 --MCL 400 --TEMP_DIST 2 --TYPE_UPDATE 2 --TEMP_UPDATE 4 --MOV_TYPE 4"
5,y-30_t.txt,55346,10656,60,30,941," 28 15 18 5 7 2 10 19 1 22 26 25 3 12 16 27 20 30 6 14 9 8 23 13 17 24 4 21 11 29 x x x x x x x x x x x x x x x x x x x x x x x x x x x x x x  ","--MODE 3 --TEMP_INIT 0.01 --TEMP_FIM 20.0 --MCL 400 --TEMP_DIST 2 --TYPE_UPDATE 2 --TEMP_UPDATE 4 --MOV_TYPE 4"
6,y-30_t.txt,55346,10678,60,30,5," 29 11 21 4 24 17 13 23 8 9 14 6 30 20 27 16 12 3 25 26 22 1 19 10 2 7 5 18 15 28 x x x x x x x x x x x x x x x x x x x x x x x x x x x x x x  ","--MODE 3 --TEMP_INIT 0.01 --TEMP_FIM 20.0 --MCL 400 --TEMP_DIST 2 --TYPE_UPDATE 2 --TEMP_UPDATE 4 --MOV_TYPE 4"
7,y-30_t.txt,55348,10661,60,30,10," 29 15 18 30 7 16 27 20 1 22 9 6 25 19 11 3 10 14 12 26 17 8 23 24 4 13 2 21 5 28 x x x x x x x x x x x x x x x x x x x x x x x x x x x x x x  ","--MODE 3 --TEMP_INIT 0.01 --TEMP_FIM 20.0 --MCL 400 --TEMP_DIST 2 --TYPE_UPDATE 2 --TEMP_UPDATE 4 --MOV_TYPE 4"
8,y-30_t.txt,55346,10684,60,30,3493," 29 11 21 4 24 17 13 23 8 9 14 6 30 20 27 16 12 3 25 26 22 1 19 10 2 7 5 18 15 28 x x x x x x x x x x x x x x x x x x x x x x x x x x x x x x  ","--MODE 3 --TEMP_INIT 0.01 --TEMP_FIM 20.0 --MCL 400 --TEMP_DIST 2 --TYPE_UPDATE 2 --TEMP_UPDATE 4 --MOV_TYPE 4"
9,y-30_t.txt,55346,10634,60,30,1505," 28 15 18 5 7 2 10 19 1 22 26 25 3 12 16 27 20 30 6 14 9 8 23 13 17 24 4 21 11 29 x x x x x x x x x x x x x x x x x x x x x x x x x x x x x x  ","--MODE 3 --TEMP_INIT 0.01 --TEMP_FIM 20.0 --MCL 400 --TEMP_DIST 2 --TYPE_UPDATE 2 --TEMP_UPDATE 4 --MOV_TYPE 4"
10,y-30_t.txt,55392,10649,60,30,6363," 29 18 15 30 7 16 27 20 1 22 6 9 19 25 11 14 3 10 12 26 17 8 23 24 13 4 2 21 5 28 x x x x x x x x x x x x x x x x x x x x x x x x x x x x x x  ","--MODE 3 --TEMP_INIT 0.01 --TEMP_FIM 20.0 --MCL 400 --TEMP_DIST 2 --TYPE_UPDATE 2 --TEMP_UPDATE 4 --MOV_TYPE 4"
1,y-35_t.txt,76028,13760,60,35,1005," 1 7 35 5 29 28 8 33 10 11 3 20 32 22 26 6 2 9 18 17 15 23 27 14 25 12 30 4 19 34 16 31 21 13 24 x x x x x x x x x x x x x x x x x x x x x x x x x  ","--MODE 3 --TEMP_INIT 0.01 --TEMP_FIM 20.0 --MCL 400 --TEMP_DIST 2 --TYPE_UPDATE 2 --TEMP_UPDATE 4 --MOV_TYPE 4"
2,y-35_t.txt,76028,13783,60,35,5115," 24 13 21 31 16 34 19 4 30 12 25 14 27 23 15 17 18 9 2 6 26 22 32 20 3 11 10 8 33 28 29 5 35 7 1 x x x x x x x x x x x x x x x x x x x x x x x x x  ","--MODE 3 --TEMP_INIT 0.01 --TEMP_FIM 20.0 --MCL 400 --TEMP_DIST 2 --TYPE_UPDATE 2 --TEMP_UPDATE 4 --MOV_TYPE 4"
3,y-35_t.txt,76028,13769,60,35,740," 1 7 35 5 29 28 33 8 10 11 3 20 32 22 26 6 2 9 18 17 23 15 27 14 25 12 30 4 19 34 16 31 21 13 24 x x x x x x x x x x x x x x x x x x x x x x x x x  ","--MODE 3 --TEMP_INIT 0.01 --TEMP_FIM 20.0 --MCL 400 --TEMP_DIST 2 --TYPE_UPDATE 2 --TEMP_UPDATE 4 --MOV_TYPE 4"
4,y-35_t.txt,76028,13757,60,35,44," 1 7 35 5 29 28 33 8 10 11 3 20 32 22 26 6 2 9 18 17 15 23 27 14 25 12 30 4 19 34 16 31 21 13 24 x x x x x x x x x x x x x x x x x x x x x x x x x  ","--MODE 3 --TEMP_INIT 0.01 --TEMP_FIM 20.0 --MCL 400 --TEMP_DIST 2 --TYPE_UPDATE 2 --TEMP_UPDATE 4 --MOV_TYPE 4"
5,y-35_t.txt,76028,13775,60,35,12," 1 7 35 5 29 28 8 33 10 11 3 20 32 22 26 6 2 9 18 17 15 23 27 14 25 12 30 4 19 34 16 31 21 13 24 x x x x x x x x x x x x x x x x x x x x x x x x x  ","--MODE 3 --TEMP_INIT 0.01 --TEMP_FIM 20.0 --MCL 400 --TEMP_DIST 2 --TYPE_UPDATE 2 --TEMP_UPDATE 4 --MOV_TYPE 4"
6,y-35_t.txt,76028,13782,60,35,5808," 1 7 35 5 29 28 8 33 10 11 3 20 32 22 26 6 2 9 18 17 23 15 27 14 25 12 30 4 19 34 16 31 21 13 24 x x x x x x x x x x x x x x x x x x x x x x x x x  ","--MODE 3 --TEMP_INIT 0.01 --TEMP_FIM 20.0 --MCL 400 --TEMP_DIST 2 --TYPE_UPDATE 2 --TEMP_UPDATE 4 --MOV_TYPE 4"
7,y-35_t.txt,76028,13767,60,35,241," 24 13 21 31 16 34 19 4 30 12 25 14 27 23 15 17 18 9 2 6 26 22 32 20 3 11 10 8 33 28 29 5 35 7 1 x x x x x x x x x x x x x x x x x x x x x x x x x  ","--MODE 3 --TEMP_INIT 0.01 --TEMP_FIM 20.0 --MCL 400 --TEMP_DIST 2 --TYPE_UPDATE 2 --TEMP_UPDATE 4 --MOV_TYPE 4"
8,y-35_t.txt,76038,13779,60,35,1693," 1 7 28 29 5 35 8 33 10 11 3 20 32 22 26 6 2 9 18 17 23 15 27 14 25 12 30 4 19 34 16 31 13 21 24 x x x x x x x x x x x x x x x x x x x x x x x x x  ","--MODE 3 --TEMP_INIT 0.01 --TEMP_FIM 20.0 --MCL 400 --TEMP_DIST 2 --TYPE_UPDATE 2 --TEMP_UPDATE 4 --MOV_TYPE 4"
9,y-35_t.txt,76028,13793,60,35,9," 1 7 35 5 29 28 8 33 10 11 3 20 32 22 26 6 2 9 18 17 15 23 27 14 25 12 30 4 19 34 16 31 21 13 24 x x x x x x x x x x x x x x x x x x x x x x x x x  ","--MODE 3 --TEMP_INIT 0.01 --TEMP_FIM 20.0 --MCL 400 --TEMP_DIST 2 --TYPE_UPDATE 2 --TEMP_UPDATE 4 --MOV_TYPE 4"
10,y-35_t.txt,76028,13739,60,35,3475," 24 13 21 31 16 34 19 4 30 12 25 14 27 15 23 17 18 9 2 6 26 22 32 20 3 11 10 8 33 28 29 5 35 7 1 x x x x x x x x x x x x x x x x x x x x x x x x x  ","--MODE 3 --TEMP_INIT 0.01 --TEMP_FIM 20.0 --MCL 400 --TEMP_DIST 2 --TYPE_UPDATE 2 --TEMP_UPDATE 4 --MOV_TYPE 4"
1,y-40_t.txt,92664,17257,60,40,5449," 26 10 13 25 17 1 11 27 31 2 14 22 38 18 6 7 28 3 24 9 12 39 20 32 4 40 33 5 8 29 37 19 16 35 30 21 15 23 36 34 x x x x x x x x x x x x x x x x x x x x  ","--MODE 3 --TEMP_INIT 0.01 --TEMP_FIM 20.0 --MCL 400 --TEMP_DIST 2 --TYPE_UPDATE 2 --TEMP_UPDATE 4 --MOV_TYPE 4"
2,y-40_t.txt,92652,17258,60,40,54," 34 36 23 15 21 30 37 35 16 19 29 8 5 33 40 4 32 20 39 12 9 24 3 28 7 6 18 38 22 14 2 31 27 11 1 17 10 25 13 26 x x x x x x x x x x x x x x x x x x x x  ","--MODE 3 --TEMP_INIT 0.01 --TEMP_FIM 20.0 --MCL 400 --TEMP_DIST 2 --TYPE_UPDATE 2 --TEMP_UPDATE 4 --MOV_TYPE 4"
3,y-40_t.txt,92760,17245,60,40,148," 23 26 35 10 16 11 27 19 8 2 17 1 31 25 14 29 38 20 24 39 9 3 40 32 12 4 5 22 28 18 6 7 33 37 13 36 21 15 30 34 x x x x x x x x x x x x x x x x x x x x  ","--MODE 3 --TEMP_INIT 0.01 --TEMP_FIM 20.0 --MCL 400 --TEMP_DIST 2 --TYPE_UPDATE 2 --TEMP_UPDATE 4 --MOV_TYPE 4"
4,y-40_t.txt,92652,17260,60,40,561," 34 36 23 15 21 30 37 35 16 19 29 8 5 33 40 4 32 20 39 12 9 24 3 28 7 6 18 38 22 14 2 31 27 11 1 17 10 25 13 26 x x x x x x x x x x x x x x x x x x x x  ","--MODE 3 --TEMP_INIT 0.01 --TEMP_FIM 20.0 --MCL 400 --TEMP_DIST 2 --TYPE_UPDATE 2 --TEMP_UPDATE 4 --MOV_TYPE 4"
5,y-40_t.txt,92782,17265,60,40,73," 23 15 21 30 36 37 35 16 19 29 8 5 20 33 40 4 32 12 9 39 24 3 28 14 31 38 1 18 17 11 22 6 27 10 7 2 25 13 26 34 x x x x x x x x x x x x x x x x x x x x  ","--MODE 3 --TEMP_INIT 0.01 --TEMP_FIM 20.0 --MCL 400 --TEMP_DIST 2 --TYPE_UPDATE 2 --TEMP_UPDATE 4 --MOV_TYPE 4"
6,y-40_t.txt,92652,17219,60,40,2380," 34 36 23 15 21 30 37 35 16 19 29 8 5 33 40 4 32 20 39 12 9 24 3 28 7 6 18 38 22 14 2 31 27 11 1 17 10 25 13 26 x x x x x x x x x x x x x x x x x x x x  ","--MODE 3 --TEMP_INIT 0.01 --TEMP_FIM 20.0 --MCL 400 --TEMP_DIST 2 --TYPE_UPDATE 2 --TEMP_UPDATE 4 --MOV_TYPE 4"
7,y-40_t.txt,92652,17272,60,40,577," 34 36 23 15 21 30 37 35 16 19 29 8 5 33 40 4 32 20 39 12 9 24 3 28 7 6 18 38 22 14 2 31 27 11 1 17 10 25 13 26 x x x x x x x x x x x x x x x x x x x x  ","--MODE 3 --TEMP_INIT 0.01 --TEMP_FIM 20.0 --MCL 400 --TEMP_DIST 2 --TYPE_UPDATE 2 --TEMP_UPDATE 4 --MOV_TYPE 4"
8,y-40_t.txt,92718,17248,60,40,40," 34 30 36 15 21 13 33 40 32 5 37 4 12 6 7 22 28 18 3 9 39 20 24 38 29 14 25 31 1 17 2 8 11 27 19 16 35 10 26 23 x x x x x x x x x x x x x x x x x x x x  ","--MODE 3 --TEMP_INIT 0.01 --TEMP_FIM 20.0 --MCL 400 --TEMP_DIST 2 --TYPE_UPDATE 2 --TEMP_UPDATE 4 --MOV_TYPE 4"
9,y-40_t.txt,92748,17249,60,40,150," 30 15 23 34 21 36 37 13 33 40 5 32 7 6 4 12 22 28 3 18 9 39 20 24 29 38 14 2 25 8 1 19 27 31 17 11 10 16 35 26 x x x x x x x x x x x x x x x x x x x x  ","--MODE 3 --TEMP_INIT 0.01 --TEMP_FIM 20.0 --MCL 400 --TEMP_DIST 2 --TYPE_UPDATE 2 --TEMP_UPDATE 4 --MOV_TYPE 4"
10,y-40_t.txt,92652,17243,60,40,310," 26 13 25 10 17 1 11 27 31 2 14 22 38 18 6 7 28 3 24 9 12 39 20 32 4 40 33 5 8 29 19 16 35 37 30 21 15 23 36 34 x x x x x x x x x x x x x x x x x x x x  ","--MODE 3 --TEMP_INIT 0.01 --TEMP_FIM 20.0 --MCL 400 --TEMP_DIST 2 --TYPE_UPDATE 2 --TEMP_UPDATE 4 --MOV_TYPE 4"
1,y-45_t.txt,117810,21497,60,45,156," 35 41 36 6 2 45 14 26 4 5 29 18 13 22 8 43 11 15 32 42 23 37 33 10 30 9 28 3 1 7 31 40 38 24 39 17 34 27 21 44 25 19 16 12 20 x x x x x x x x x x x x x x x  ","--MODE 3 --TEMP_INIT 0.01 --TEMP_FIM 20.0 --MCL 400 --TEMP_DIST 2 --TYPE_UPDATE 2 --TEMP_UPDATE 4 --MOV_TYPE 4"
2,y-45_t.txt,117772,21510,60,45,2648," 12 35 41 36 2 6 45 14 26 4 5 29 18 33 22 13 37 23 43 32 15 42 8 10 3 9 30 28 1 7 31 24 40 39 38 11 17 34 27 21 44 19 25 16 20 x x x x x x x x x x x x x x x  ","--MODE 3 --TEMP_INIT 0.01 --TEMP_FIM 20.0 --MCL 400 --TEMP_DIST 2 --TYPE_UPDATE 2 --TEMP_UPDATE 4 --MOV_TYPE 4"
3,y-45_t.txt,117626,21499,60,45,994," 20 25 27 41 44 19 21 17 11 38 24 31 40 7 15 28 10 30 32 23 37 22 13 9 42 43 33 14 26 1 45 4 6 3 5 18 39 29 8 2 35 36 34 16 12 x x x x x x x x x x x x x x x  ","--MODE 3 --TEMP_INIT 0.01 --TEMP_FIM 20.0 --MCL 400 --TEMP_DIST 2 --TYPE_UPDATE 2 --TEMP_UPDATE 4 --MOV_TYPE 4"
4,y-45_t.txt,117798,21522,60,45,112," 20 12 16 25 19 44 21 27 34 17 39 24 38 40 31 7 1 3 28 9 30 10 37 23 33 42 32 15 13 11 22 43 8 18 29 5 4 26 14 45 2 6 36 41 35 x x x x x x x x x x x x x x x  ","--MODE 3 --TEMP_INIT 0.01 --TEMP_FIM 20.0 --MCL 400 --TEMP_DIST 2 --TYPE_UPDATE 2 --TEMP_UPDATE 4 --MOV_TYPE 4"
5,y-45_t.txt,117620,21495,60,45,40," 12 16 34 36 35 2 8 29 39 18 5 3 1 6 4 45 26 14 33 43 42 9 22 13 37 23 32 10 30 28 15 7 40 31 24 38 11 17 21 19 44 41 25 27 20 x x x x x x x x x x x x x x x  ","--MODE 3 --TEMP_INIT 0.01 --TEMP_FIM 20.0 --MCL 400 --TEMP_DIST 2 --TYPE_UPDATE 2 --TEMP_UPDATE 4 --MOV_TYPE 4"
6,y-45_t.txt,117734,21506,60,45,9231," 12 16 34 36 35 2 8 29 39 18 5 3 6 4 45 1 26 14 33 28 10 9 43 42 32 22 13 37 23 30 15 7 40 31 24 38 11 17 21 19 44 41 27 25 20 x x x x x x x x x x x x x x x  ","--MODE 3 --TEMP_INIT 0.01 --TEMP_FIM 20.0 --MCL 400 --TEMP_DIST 2 --TYPE_UPDATE 2 --TEMP_UPDATE 4 --MOV_TYPE 4"
7,y-45_t.txt,117620,21526,60,45,5125," 20 27 25 41 44 19 21 17 11 38 24 31 40 7 15 28 10 30 32 23 37 22 13 9 42 43 33 14 26 45 6 4 1 3 5 18 39 29 8 2 35 36 34 16 12 x x x x x x x x x x x x x x x  ","--MODE 3 --TEMP_INIT 0.01 --TEMP_FIM 20.0 --MCL 400 --TEMP_DIST 2 --TYPE_UPDATE 2 --TEMP_UPDATE 4 --MOV_TYPE 4"
8,y-45_t.txt,117626,21644,60,45,2200," 20 25 27 41 44 19 21 17 11 38 24 31 40 7 15 28 10 30 32 23 37 13 22 9 42 43 33 14 26 1 45 4 6 3 5 18 39 29 8 2 35 36 34 16 12 x x x x x x x x x x x x x x x  ","--MODE 3 --TEMP_INIT 0.01 --TEMP_FIM 20.0 --MCL 400 --TEMP_DIST 2 --TYPE_UPDATE 2 --TEMP_UPDATE 4 --MOV_TYPE 4"
9,y-45_t.txt,117772,21521,60,45,142," 12 35 41 36 2 6 45 14 26 4 5 29 18 33 22 13 37 23 43 32 15 42 8 10 3 9 30 28 1 7 31 24 40 39 38 11 17 34 27 21 44 25 19 16 20 x x x x x x x x x x x x x x x  ","--MODE 3 --TEMP_INIT 0.01 --TEMP_FIM 20.0 --MCL 400 --TEMP_DIST 2 --TYPE_UPDATE 2 --TEMP_UPDATE 4 --MOV_TYPE 4"
10,y-45_t.txt,117626,21349,60,45,6420," 20 25 27 41 44 19 21 17 11 38 24 31 40 7 15 28 30 10 32 23 37 22 13 9 42 43 33 14 26 1 45 4 6 3 5 18 39 29 8 2 35 36 34 16 12 x x x x x x x x x x x x x x x  ","--MODE 3 --TEMP_INIT 0.01 --TEMP_FIM 20.0 --MCL 400 --TEMP_DIST 2 --TYPE_UPDATE 2 --TEMP_UPDATE 4 --MOV_TYPE 4"
1,y-50_t.txt,146618,25862,60,50,824," 30 4 20 19 38 27 49 34 22 33 50 3 9 40 21 41 29 2 16 44 18 10 15 6 43 31 46 36 39 13 11 5 17 14 45 48 37 25 23 1 42 47 28 7 12 32 35 8 24 26 x x x x x x x x x x  ","--MODE 3 --TEMP_INIT 0.01 --TEMP_FIM 20.0 --MCL 400 --TEMP_DIST 2 --TYPE_UPDATE 2 --TEMP_UPDATE 4 --MOV_TYPE 4"
2,y-50_t.txt,146638,25854,60,50,137," 30 4 16 27 19 20 34 49 33 22 38 21 50 3 29 41 9 40 2 44 18 10 15 6 43 31 46 36 37 13 11 39 17 48 14 45 25 5 1 23 42 7 35 47 28 26 24 8 32 12 x x x x x x x x x x  ","--MODE 3 --TEMP_INIT 0.01 --TEMP_FIM 20.0 --MCL 400 --TEMP_DIST 2 --TYPE_UPDATE 2 --TEMP_UPDATE 4 --MOV_TYPE 4"
3,y-50_t.txt,146650,25844,60,50,9958," 26 8 24 32 12 47 28 35 7 42 45 23 1 25 48 14 17 5 39 11 13 37 36 46 31 43 6 15 10 44 18 2 29 40 41 3 50 9 21 16 22 33 49 34 27 38 20 19 4 30 x x x x x x x x x x  ","--MODE 3 --TEMP_INIT 0.01 --TEMP_FIM 20.0 --MCL 400 --TEMP_DIST 2 --TYPE_UPDATE 2 --TEMP_UPDATE 4 --MOV_TYPE 4"
4,y-50_t.txt,146618,25856,60,50,1569," 26 8 24 32 12 47 28 35 7 42 23 1 5 25 45 48 14 17 39 11 13 37 36 46 31 43 6 15 10 18 44 2 29 40 41 3 50 9 21 38 22 33 49 34 20 27 19 16 4 30 x x x x x x x x x x  ","--MODE 3 --TEMP_INIT 0.01 --TEMP_FIM 20.0 --MCL 400 --TEMP_DIST 2 --TYPE_UPDATE 2 --TEMP_UPDATE 4 --MOV_TYPE 4"
5,y-50_t.txt,146666,25868,60,50,1815," 26 8 24 12 32 35 7 28 47 42 31 1 23 37 25 48 11 45 5 14 17 13 36 39 46 43 6 15 10 18 16 2 21 41 40 9 44 29 3 50 34 33 22 27 49 38 19 20 30 4 x x x x x x x x x x  ","--MODE 3 --TEMP_INIT 0.01 --TEMP_FIM 20.0 --MCL 400 --TEMP_DIST 2 --TYPE_UPDATE 2 --TEMP_UPDATE 4 --MOV_TYPE 4"
6,y-50_t.txt,146646,25849,60,50,631," 26 8 24 12 32 7 35 28 47 42 1 23 39 14 48 45 17 25 5 11 13 37 36 46 31 43 6 15 10 44 18 2 16 41 21 40 9 29 3 50 33 22 34 27 38 20 19 49 4 30 x x x x x x x x x x  ","--MODE 3 --TEMP_INIT 0.01 --TEMP_FIM 20.0 --MCL 400 --TEMP_DIST 2 --TYPE_UPDATE 2 --TEMP_UPDATE 4 --MOV_TYPE 4"
7,y-50_t.txt,146928,25851,60,50,675," 40 2 20 21 4 41 19 22 49 34 30 29 16 27 33 3 9 50 38 18 44 10 31 46 15 36 37 13 23 8 47 26 45 12 32 6 48 7 25 11 28 43 24 42 1 17 14 39 5 35 x x x x x x x x x x  ","--MODE 3 --TEMP_INIT 0.01 --TEMP_FIM 20.0 --MCL 400 --TEMP_DIST 2 --TYPE_UPDATE 2 --TEMP_UPDATE 4 --MOV_TYPE 4"
8,y-50_t.txt,146712,25837,60,50,8724," 28 17 14 1 5 39 35 32 48 24 42 12 25 45 11 7 47 26 8 23 13 37 36 46 31 49 20 33 50 30 4 29 27 3 9 18 34 10 38 44 22 2 15 19 16 21 40 41 43 6 x x x x x x x x x x  ","--MODE 3 --TEMP_INIT 0.01 --TEMP_FIM 20.0 --MCL 400 --TEMP_DIST 2 --TYPE_UPDATE 2 --TEMP_UPDATE 4 --MOV_TYPE 4"
9,y-50_t.txt,146618,25853,60,50,129," 26 8 24 32 12 47 28 35 7 42 23 1 5 25 45 48 14 17 39 11 13 37 36 46 31 43 6 15 10 18 44 2 29 40 41 3 50 9 21 38 22 33 34 49 20 27 19 16 4 30 x x x x x x x x x x  ","--MODE 3 --TEMP_INIT 0.01 --TEMP_FIM 20.0 --MCL 400 --TEMP_DIST 2 --TYPE_UPDATE 2 --TEMP_UPDATE 4 --MOV_TYPE 4"
10,y-50_t.txt,146648,25838,60,50,236," 30 4 49 19 20 27 34 33 38 22 16 21 50 3 29 41 2 40 9 44 18 10 15 6 43 31 46 36 37 13 11 23 25 5 17 48 39 14 1 45 42 7 35 47 28 26 24 8 32 12 x x x x x x x x x x  ","--MODE 3 --TEMP_INIT 0.01 --TEMP_FIM 20.0 --MCL 400 --TEMP_DIST 2 --TYPE_UPDATE 2 --TEMP_UPDATE 4 --MOV_TYPE 4"
1,y-60_t.txt,222474,35464,100,60,1707," 25 43 15 14 36 45 9 37 32 7 28 22 4 57 60 42 55 21 2 11 1 46 48 44 8 47 17 30 19 41 39 52 40 5 31 20 23 10 12 6 58 29 24 27 13 18 26 35 51 3 16 33 34 38 59 49 56 54 50 53 x x x x x x x x x x x x x x x x x x x x x x x x x x x x x x x x x x x x x x x x  ","--MODE 3 --TEMP_INIT 0.01 --TEMP_FIM 20.0 --MCL 400 --TEMP_DIST 2 --TYPE_UPDATE 2 --TEMP_UPDATE 4 --MOV_TYPE 4"
2,y-60_t.txt,223210,35490,100,60,79," 43 15 56 9 38 3 35 27 51 13 26 59 18 5 2 24 20 23 47 11 21 58 8 32 12 16 29 31 52 30 4 33 6 57 34 44 10 41 19 7 55 1 46 22 28 42 60 48 17 37 40 39 45 36 14 54 25 50 49 53 x x x x x x x x x x x x x x x x x x x x x x x x x x x x x x x x x x x x x x x x  ","--MODE 3 --TEMP_INIT 0.01 --TEMP_FIM 20.0 --MCL 400 --TEMP_DIST 2 --TYPE_UPDATE 2 --TEMP_UPDATE 4 --MOV_TYPE 4"
3,y-60_t.txt,222488,35432,100,60,42," 53 25 50 54 56 49 59 38 39 33 34 3 51 40 26 16 35 29 5 31 18 58 13 24 12 6 27 10 23 20 52 30 19 47 17 44 41 11 1 2 4 22 8 28 42 57 21 55 48 46 60 7 32 37 9 45 36 14 43 15 x x x x x x x x x x x x x x x x x x x x x x x x x x x x x x x x x x x x x x x x  ","--MODE 3 --TEMP_INIT 0.01 --TEMP_FIM 20.0 --MCL 400 --TEMP_DIST 2 --TYPE_UPDATE 2 --TEMP_UPDATE 4 --MOV_TYPE 4"
4,y-60_t.txt,222500,35489,100,60,355," 15 43 45 14 36 9 37 32 2 7 28 42 57 21 60 55 8 4 22 46 1 11 41 44 48 17 47 19 30 52 20 23 10 27 6 12 24 13 58 18 31 5 29 35 16 59 26 33 51 34 3 40 38 39 49 56 54 50 53 25 x x x x x x x x x x x x x x x x x x x x x x x x x x x x x x x x x x x x x x x x  ","--MODE 3 --TEMP_INIT 0.01 --TEMP_FIM 20.0 --MCL 400 --TEMP_DIST 2 --TYPE_UPDATE 2 --TEMP_UPDATE 4 --MOV_TYPE 4"
5,y-60_t.txt,222516,35481,100,60,48," 25 53 50 54 56 49 39 38 3 40 34 33 51 26 59 17 48 47 5 31 29 30 2 19 20 24 23 27 35 13 58 6 18 16 52 12 44 11 1 41 10 8 28 42 4 57 21 55 46 22 60 7 32 37 9 36 14 43 15 45 x x x x x x x x x x x x x x x x x x x x x x x x x x x x x x x x x x x x x x x x  ","--MODE 3 --TEMP_INIT 0.01 --TEMP_FIM 20.0 --MCL 400 --TEMP_DIST 2 --TYPE_UPDATE 2 --TEMP_UPDATE 4 --MOV_TYPE 4"
6,y-60_t.txt,222510,35499,100,60,113," 45 15 43 14 36 9 37 32 7 60 21 55 57 42 28 22 4 8 46 2 1 5 41 11 44 10 12 58 52 18 16 13 6 30 31 27 23 20 19 24 29 47 48 35 17 26 40 51 3 34 33 59 38 39 49 56 54 50 25 53 x x x x x x x x x x x x x x x x x x x x x x x x x x x x x x x x x x x x x x x x  ","--MODE 3 --TEMP_INIT 0.01 --TEMP_FIM 20.0 --MCL 400 --TEMP_DIST 2 --TYPE_UPDATE 2 --TEMP_UPDATE 4 --MOV_TYPE 4"
7,y-60_t.txt,222502,35468,100,60,2333," 45 15 43 14 36 2 37 7 28 9 42 57 60 55 21 32 8 4 22 46 1 5 41 11 44 10 17 30 19 23 20 47 31 52 12 48 27 6 18 13 24 58 29 35 16 26 40 51 3 34 33 59 38 39 49 56 54 50 53 25 x x x x x x x x x x x x x x x x x x x x x x x x x x x x x x x x x x x x x x x x  ","--MODE 3 --TEMP_INIT 0.01 --TEMP_FIM 20.0 --MCL 400 --TEMP_DIST 2 --TYPE_UPDATE 2 --TEMP_UPDATE 4 --MOV_TYPE 4"
8,y-60_t.txt,222700,35546,100,60,182," 25 53 50 54 56 49 39 38 59 33 34 3 51 40 26 17 35 48 47 29 24 13 27 58 6 30 20 2 23 19 44 16 11 31 18 52 12 5 1 41 10 46 4 22 8 28 42 57 55 21 60 7 32 37 9 36 14 43 15 45 x x x x x x x x x x x x x x x x x x x x x x x x x x x x x x x x x x x x x x x x  ","--MODE 3 --TEMP_INIT 0.01 --TEMP_FIM 20.0 --MCL 400 --TEMP_DIST 2 --TYPE_UPDATE 2 --TEMP_UPDATE 4 --MOV_TYPE 4"
9,y-60_t.txt,222516,35445,100,60,36," 25 53 50 54 56 49 39 38 59 34 33 3 51 40 26 17 5 31 48 47 29 24 19 20 35 23 27 13 30 6 18 52 16 12 58 10 44 41 8 2 11 1 28 42 4 57 21 55 46 22 60 7 32 37 9 36 14 43 15 45 x x x x x x x x x x x x x x x x x x x x x x x x x x x x x x x x x x x x x x x x  ","--MODE 3 --TEMP_INIT 0.01 --TEMP_FIM 20.0 --MCL 400 --TEMP_DIST 2 --TYPE_UPDATE 2 --TEMP_UPDATE 4 --MOV_TYPE 4"
10,y-60_t.txt,222482,35454,100,60,1945," 25 53 50 54 56 49 39 38 3 40 34 33 51 26 59 16 35 29 5 31 18 58 13 24 12 6 27 10 23 20 52 30 19 47 17 48 44 41 11 1 2 8 28 42 4 57 21 55 46 22 60 7 32 37 9 36 14 43 15 45 x x x x x x x x x x x x x x x x x x x x x x x x x x x x x x x x x x x x x x x x  ","--MODE 3 --TEMP_INIT 0.01 --TEMP_FIM 20.0 --MCL 400 --TEMP_DIST 2 --TYPE_UPDATE 2 --TEMP_UPDATE 4 --MOV_TYPE 4"
1,y-6_t_2.txt,2744,2053,10,6,0," 5 1 4 6 2 3 x x x x  ","--MODE 3 --TEMP_INIT 0.01 --TEMP_FIM 20.0 --MCL 400 --TEMP_DIST 2 --TYPE_UPDATE 2 --TEMP_UPDATE 4 --MOV_TYPE 4"
2,y-6_t_2.txt,2744,2096,10,6,0," 5 1 4 6 2 3 x x x x  ","--MODE 3 --TEMP_INIT 0.01 --TEMP_FIM 20.0 --MCL 400 --TEMP_DIST 2 --TYPE_UPDATE 2 --TEMP_UPDATE 4 --MOV_TYPE 4"
3,y-6_t_2.txt,2744,2066,10,6,1," 5 1 4 3 2 6 x x x x  ","--MODE 3 --TEMP_INIT 0.01 --TEMP_FIM 20.0 --MCL 400 --TEMP_DIST 2 --TYPE_UPDATE 2 --TEMP_UPDATE 4 --MOV_TYPE 4"
4,y-6_t_2.txt,2744,2061,10,6,0," 6 2 3 4 1 5 x x x x  ","--MODE 3 --TEMP_INIT 0.01 --TEMP_FIM 20.0 --MCL 400 --TEMP_DIST 2 --TYPE_UPDATE 2 --TEMP_UPDATE 4 --MOV_TYPE 4"
5,y-6_t_2.txt,2744,2054,10,6,0," 5 1 4 3 2 6 x x x x  ","--MODE 3 --TEMP_INIT 0.01 --TEMP_FIM 20.0 --MCL 400 --TEMP_DIST 2 --TYPE_UPDATE 2 --TEMP_UPDATE 4 --MOV_TYPE 4"
6,y-6_t_2.txt,2744,2072,10,6,0," 5 1 4 6 2 3 x x x x  ","--MODE 3 --TEMP_INIT 0.01 --TEMP_FIM 20.0 --MCL 400 --TEMP_DIST 2 --TYPE_UPDATE 2 --TEMP_UPDATE 4 --MOV_TYPE 4"
7,y-6_t_2.txt,2744,2053,10,6,0," 6 2 3 4 1 5 x x x x  ","--MODE 3 --TEMP_INIT 0.01 --TEMP_FIM 20.0 --MCL 400 --TEMP_DIST 2 --TYPE_UPDATE 2 --TEMP_UPDATE 4 --MOV_TYPE 4"
8,y-6_t_2.txt,2744,2059,10,6,0," 5 1 4 3 2 6 x x x x  ","--MODE 3 --TEMP_INIT 0.01 --TEMP_FIM 20.0 --MCL 400 --TEMP_DIST 2 --TYPE_UPDATE 2 --TEMP_UPDATE 4 --MOV_TYPE 4"
9,y-6_t_2.txt,2744,2074,10,6,0," 5 1 4 3 2 6 x x x x  ","--MODE 3 --TEMP_INIT 0.01 --TEMP_FIM 20.0 --MCL 400 --TEMP_DIST 2 --TYPE_UPDATE 2 --TEMP_UPDATE 4 --MOV_TYPE 4"
10,y-6_t_2.txt,2744,2066,10,6,0," 3 2 6 4 1 5 x x x x  ","--MODE 3 --TEMP_INIT 0.01 --TEMP_FIM 20.0 --MCL 400 --TEMP_DIST 2 --TYPE_UPDATE 2 --TEMP_UPDATE 4 --MOV_TYPE 4"
1,y-6_t.txt,2126,2046,6,6,0," 1 3 2 6 4 5  ","--MODE 3 --TEMP_INIT 0.01 --TEMP_FIM 20.0 --MCL 400 --TEMP_DIST 2 --TYPE_UPDATE 2 --TEMP_UPDATE 4 --MOV_TYPE 4"
2,y-6_t.txt,2126,2074,6,6,0," 3 2 6 4 5 1  ","--MODE 3 --TEMP_INIT 0.01 --TEMP_FIM 20.0 --MCL 400 --TEMP_DIST 2 --TYPE_UPDATE 2 --TEMP_UPDATE 4 --MOV_TYPE 4"
3,y-6_t.txt,2126,2048,6,6,0," 3 1 5 4 6 2  ","--MODE 3 --TEMP_INIT 0.01 --TEMP_FIM 20.0 --MCL 400 --TEMP_DIST 2 --TYPE_UPDATE 2 --TEMP_UPDATE 4 --MOV_TYPE 4"
4,y-6_t.txt,2126,2061,6,6,0," 1 3 2 6 4 5  ","--MODE 3 --TEMP_INIT 0.01 --TEMP_FIM 20.0 --MCL 400 --TEMP_DIST 2 --TYPE_UPDATE 2 --TEMP_UPDATE 4 --MOV_TYPE 4"
5,y-6_t.txt,2126,2066,6,6,0," 4 6 2 3 1 5  ","--MODE 3 --TEMP_INIT 0.01 --TEMP_FIM 20.0 --MCL 400 --TEMP_DIST 2 --TYPE_UPDATE 2 --TEMP_UPDATE 4 --MOV_TYPE 4"
6,y-6_t.txt,2126,2082,6,6,0," 1 3 2 6 4 5  ","--MODE 3 --TEMP_INIT 0.01 --TEMP_FIM 20.0 --MCL 400 --TEMP_DIST 2 --TYPE_UPDATE 2 --TEMP_UPDATE 4 --MOV_TYPE 4"
7,y-6_t.txt,2126,2051,6,6,0," 1 5 4 6 2 3  ","--MODE 3 --TEMP_INIT 0.01 --TEMP_FIM 20.0 --MCL 400 --TEMP_DIST 2 --TYPE_UPDATE 2 --TEMP_UPDATE 4 --MOV_TYPE 4"
8,y-6_t.txt,2126,2053,6,6,0," 1 5 4 6 2 3  ","--MODE 3 --TEMP_INIT 0.01 --TEMP_FIM 20.0 --MCL 400 --TEMP_DIST 2 --TYPE_UPDATE 2 --TEMP_UPDATE 4 --MOV_TYPE 4"
9,y-6_t.txt,2126,2060,6,6,0," 1 3 2 6 4 5  ","--MODE 3 --TEMP_INIT 0.01 --TEMP_FIM 20.0 --MCL 400 --TEMP_DIST 2 --TYPE_UPDATE 2 --TEMP_UPDATE 4 --MOV_TYPE 4"
10,y-6_t.txt,2126,2069,6,6,0," 6 2 3 1 5 4  ","--MODE 3 --TEMP_INIT 0.01 --TEMP_FIM 20.0 --MCL 400 --TEMP_DIST 2 --TYPE_UPDATE 2 --TEMP_UPDATE 4 --MOV_TYPE 4"
1,y-7_t.txt,3466,2110,10,7,0," 1 7 3 2 6 5 4 x x x  ","--MODE 3 --TEMP_INIT 0.01 --TEMP_FIM 20.0 --MCL 400 --TEMP_DIST 2 --TYPE_UPDATE 2 --TEMP_UPDATE 4 --MOV_TYPE 4"
2,y-7_t.txt,3466,2120,10,7,0," 4 5 6 2 3 7 1 x x x  ","--MODE 3 --TEMP_INIT 0.01 --TEMP_FIM 20.0 --MCL 400 --TEMP_DIST 2 --TYPE_UPDATE 2 --TEMP_UPDATE 4 --MOV_TYPE 4"
3,y-7_t.txt,3466,2109,10,7,0," 1 7 3 2 6 5 4 x x x  ","--MODE 3 --TEMP_INIT 0.01 --TEMP_FIM 20.0 --MCL 400 --TEMP_DIST 2 --TYPE_UPDATE 2 --TEMP_UPDATE 4 --MOV_TYPE 4"
4,y-7_t.txt,3466,2128,10,7,8," 1 7 3 2 6 5 4 x x x  ","--MODE 3 --TEMP_INIT 0.01 --TEMP_FIM 20.0 --MCL 400 --TEMP_DIST 2 --TYPE_UPDATE 2 --TEMP_UPDATE 4 --MOV_TYPE 4"
5,y-7_t.txt,3466,2123,10,7,0," 4 5 6 2 3 7 1 x x x  ","--MODE 3 --TEMP_INIT 0.01 --TEMP_FIM 20.0 --MCL 400 --TEMP_DIST 2 --TYPE_UPDATE 2 --TEMP_UPDATE 4 --MOV_TYPE 4"
6,y-7_t.txt,3466,2132,10,7,5," 4 5 6 2 3 7 1 x x x  ","--MODE 3 --TEMP_INIT 0.01 --TEMP_FIM 20.0 --MCL 400 --TEMP_DIST 2 --TYPE_UPDATE 2 --TEMP_UPDATE 4 --MOV_TYPE 4"
7,y-7_t.txt,3466,2106,10,7,0," 4 5 6 2 3 7 1 x x x  ","--MODE 3 --TEMP_INIT 0.01 --TEMP_FIM 20.0 --MCL 400 --TEMP_DIST 2 --TYPE_UPDATE 2 --TEMP_UPDATE 4 --MOV_TYPE 4"
8,y-7_t.txt,3466,2115,10,7,0," 4 5 6 2 3 7 1 x x x  ","--MODE 3 --TEMP_INIT 0.01 --TEMP_FIM 20.0 --MCL 400 --TEMP_DIST 2 --TYPE_UPDATE 2 --TEMP_UPDATE 4 --MOV_TYPE 4"
9,y-7_t.txt,3466,2109,10,7,7," 1 7 3 2 6 5 4 x x x  ","--MODE 3 --TEMP_INIT 0.01 --TEMP_FIM 20.0 --MCL 400 --TEMP_DIST 2 --TYPE_UPDATE 2 --TEMP_UPDATE 4 --MOV_TYPE 4"
10,y-7_t.txt,3466,2110,10,7,0," 4 5 6 2 3 7 1 x x x  ","--MODE 3 --TEMP_INIT 0.01 --TEMP_FIM 20.0 --MCL 400 --TEMP_DIST 2 --TYPE_UPDATE 2 --TEMP_UPDATE 4 --MOV_TYPE 4"
1,y-8_t.txt,4176,2300,10,8,0," 4 3 2 7 6 8 5 1 x x  ","--MODE 3 --TEMP_INIT 0.01 --TEMP_FIM 20.0 --MCL 400 --TEMP_DIST 2 --TYPE_UPDATE 2 --TEMP_UPDATE 4 --MOV_TYPE 4"
2,y-8_t.txt,4176,2279,10,8,0," 1 5 8 6 7 2 3 4 x x  ","--MODE 3 --TEMP_INIT 0.01 --TEMP_FIM 20.0 --MCL 400 --TEMP_DIST 2 --TYPE_UPDATE 2 --TEMP_UPDATE 4 --MOV_TYPE 4"
3,y-8_t.txt,4176,2299,10,8,0," 1 5 8 6 7 2 3 4 x x  ","--MODE 3 --TEMP_INIT 0.01 --TEMP_FIM 20.0 --MCL 400 --TEMP_DIST 2 --TYPE_UPDATE 2 --TEMP_UPDATE 4 --MOV_TYPE 4"
4,y-8_t.txt,4176,2309,10,8,0," 4 3 2 7 6 8 5 1 x x  ","--MODE 3 --TEMP_INIT 0.01 --TEMP_FIM 20.0 --MCL 400 --TEMP_DIST 2 --TYPE_UPDATE 2 --TEMP_UPDATE 4 --MOV_TYPE 4"
5,y-8_t.txt,4176,2282,10,8,0," 1 5 8 6 7 2 3 4 x x  ","--MODE 3 --TEMP_INIT 0.01 --TEMP_FIM 20.0 --MCL 400 --TEMP_DIST 2 --TYPE_UPDATE 2 --TEMP_UPDATE 4 --MOV_TYPE 4"
6,y-8_t.txt,4176,2287,10,8,0," 4 3 2 7 6 8 5 1 x x  ","--MODE 3 --TEMP_INIT 0.01 --TEMP_FIM 20.0 --MCL 400 --TEMP_DIST 2 --TYPE_UPDATE 2 --TEMP_UPDATE 4 --MOV_TYPE 4"
7,y-8_t.txt,4176,2290,10,8,0," 1 5 8 6 7 2 3 4 x x  ","--MODE 3 --TEMP_INIT 0.01 --TEMP_FIM 20.0 --MCL 400 --TEMP_DIST 2 --TYPE_UPDATE 2 --TEMP_UPDATE 4 --MOV_TYPE 4"
8,y-8_t.txt,4176,2285,10,8,1," 1 5 8 6 7 2 3 4 x x  ","--MODE 3 --TEMP_INIT 0.01 --TEMP_FIM 20.0 --MCL 400 --TEMP_DIST 2 --TYPE_UPDATE 2 --TEMP_UPDATE 4 --MOV_TYPE 4"
9,y-8_t.txt,4176,2259,10,8,0," 4 3 2 7 6 8 5 1 x x  ","--MODE 3 --TEMP_INIT 0.01 --TEMP_FIM 20.0 --MCL 400 --TEMP_DIST 2 --TYPE_UPDATE 2 --TEMP_UPDATE 4 --MOV_TYPE 4"
10,y-8_t.txt,4176,2289,10,8,1," 4 3 2 7 6 8 5 1 x x  ","--MODE 3 --TEMP_INIT 0.01 --TEMP_FIM 20.0 --MCL 400 --TEMP_DIST 2 --TYPE_UPDATE 2 --TEMP_UPDATE 4 --MOV_TYPE 4"
1,y-9_t.txt,4864,2531,10,9,19," 7 5 6 8 2 3 9 4 1 x  ","--MODE 3 --TEMP_INIT 0.01 --TEMP_FIM 20.0 --MCL 400 --TEMP_DIST 2 --TYPE_UPDATE 2 --TEMP_UPDATE 4 --MOV_TYPE 4"
2,y-9_t.txt,4864,2560,10,9,138," 1 4 9 3 2 8 6 5 7 x  ","--MODE 3 --TEMP_INIT 0.01 --TEMP_FIM 20.0 --MCL 400 --TEMP_DIST 2 --TYPE_UPDATE 2 --TEMP_UPDATE 4 --MOV_TYPE 4"
3,y-9_t.txt,4864,2553,10,9,0," 7 5 6 8 2 3 9 4 1 x  ","--MODE 3 --TEMP_INIT 0.01 --TEMP_FIM 20.0 --MCL 400 --TEMP_DIST 2 --TYPE_UPDATE 2 --TEMP_UPDATE 4 --MOV_TYPE 4"
4,y-9_t.txt,4864,2549,10,9,0," 7 5 6 8 2 3 9 4 1 x  ","--MODE 3 --TEMP_INIT 0.01 --TEMP_FIM 20.0 --MCL 400 --TEMP_DIST 2 --TYPE_UPDATE 2 --TEMP_UPDATE 4 --MOV_TYPE 4"
5,y-9_t.txt,4864,2536,10,9,0," 7 5 6 8 2 3 9 4 1 x  ","--MODE 3 --TEMP_INIT 0.01 --TEMP_FIM 20.0 --MCL 400 --TEMP_DIST 2 --TYPE_UPDATE 2 --TEMP_UPDATE 4 --MOV_TYPE 4"
6,y-9_t.txt,4864,2555,10,9,4," 1 4 9 3 2 8 6 5 7 x  ","--MODE 3 --TEMP_INIT 0.01 --TEMP_FIM 20.0 --MCL 400 --TEMP_DIST 2 --TYPE_UPDATE 2 --TEMP_UPDATE 4 --MOV_TYPE 4"
7,y-9_t.txt,4864,2556,10,9,0," 1 4 9 3 2 8 6 5 7 x  ","--MODE 3 --TEMP_INIT 0.01 --TEMP_FIM 20.0 --MCL 400 --TEMP_DIST 2 --TYPE_UPDATE 2 --TEMP_UPDATE 4 --MOV_TYPE 4"
8,y-9_t.txt,4864,2548,10,9,0," 7 5 6 8 2 3 9 4 1 x  ","--MODE 3 --TEMP_INIT 0.01 --TEMP_FIM 20.0 --MCL 400 --TEMP_DIST 2 --TYPE_UPDATE 2 --TEMP_UPDATE 4 --MOV_TYPE 4"
9,y-9_t.txt,4864,2558,10,9,7," 1 4 9 3 2 8 6 5 7 x  ","--MODE 3 --TEMP_INIT 0.01 --TEMP_FIM 20.0 --MCL 400 --TEMP_DIST 2 --TYPE_UPDATE 2 --TEMP_UPDATE 4 --MOV_TYPE 4"
10,y-9_t.txt,4864,2538,10,9,1," 1 4 9 3 2 8 6 5 7 x  ","--MODE 3 --TEMP_INIT 0.01 --TEMP_FIM 20.0 --MCL 400 --TEMP_DIST 2 --TYPE_UPDATE 2 --TEMP_UPDATE 4 --MOV_TYPE 4"
